Seed,TTL Feature,Perturbation (%),RF TPR,RF TPR Drop,RF Evasion Rate,RF AUROC,RF AUPRC,MLP TPR,MLP TPR Drop,MLP Evasion Rate,MLP AUROC,MLP AUPRC
42,sttl,-15,0.6582767140210006,-0.012110650313244542,0.34172328597899937,0.8011323884327282,0.813040682778342,0.5788405541339451,-0.06986234889261456,0.42115944586605486,0.8218327751889365,0.8565866568618639
42,sttl,-10,0.6582767140210006,-0.012110650313244542,0.34172328597899937,0.8011323884327282,0.813040682778342,0.5999514691608576,-0.04875143386570202,0.4000485308391423,0.8291924232866945,0.8635827647358119
42,sttl,-5,0.6582767140210006,-0.012110650313244542,0.34172328597899937,0.8011323884327282,0.813040682778342,0.6221653578046413,-0.026537545221918313,0.37783464219535867,0.8360086005113028,0.8699503832767566
42,sttl,-2,0.6582767140210006,-0.012110650313244542,0.34172328597899937,0.8011333137381624,0.8130439020777929,0.6385996646960205,-0.010103238330539166,0.3614003353039795,0.8404211922369735,0.8740028881011175
42,sttl,0,0.6703873643342452,0.0,0.3296126356657549,0.8025337152205589,0.8172541753912429,0.6487029030265596,0.0,0.3512970969734404,0.8431076466477949,0.8764372334822809
42,sttl,2,0.6703873643342452,0.0,0.3296126356657549,0.8024886730571567,0.8173159400719929,0.650975028677314,0.0022721256507544085,0.34902497132268595,0.8435915948044577,0.876882047805472
42,sttl,5,0.6703873643342452,0.0,0.3296126356657549,0.8024697364906599,0.817306247952682,0.6511515044560134,0.0024486014294538005,0.3488484955439866,0.8434733783903023,0.8767974276052938
42,sttl,10,0.6703873643342452,0.0,0.3296126356657549,0.802469655407194,0.8173062229699126,0.6515265154857496,0.002823612459189939,0.3484734845142504,0.8432911134906191,0.8766643108629203
42,sttl,15,0.6703873643342452,0.0,0.3296126356657549,0.8024697594444352,0.8173062776167397,0.6516147533750992,0.0029118503485395797,0.3483852466249007,0.8430994414183881,0.8765222053331191
42,dttl,-15,0.6703873643342452,0.0,0.3296126356657549,0.8025342565719342,0.8172544435115039,0.6080031765640166,-0.04069972646254305,0.3919968234359834,0.8472331862105642,0.8802349483131304
42,dttl,-10,0.6703873643342452,0.0,0.3296126356657549,0.8025342565719342,0.8172544435115039,0.6251213270978558,-0.023581575928703802,0.37487867290214416,0.8463833498083807,0.8793710112164983
42,dttl,-5,0.6703873643342452,0.0,0.3296126356657549,0.8025342100681816,0.8172544165140977,0.6376290479131739,-0.011073855113385767,0.36237095208682607,0.8453434591279712,0.8783955014347062
42,dttl,-2,0.6703873643342452,0.0,0.3296126356657549,0.8025341236188982,0.8172543754485627,0.6461660637077561,-0.002536839318803552,0.3538339362922439,0.8444721019219167,0.8776268882381075
42,dttl,0,0.6703873643342452,0.0,0.3296126356657549,0.8025337152205589,0.8172541753912429,0.6487029030265596,0.0,0.3512970969734404,0.8431076466477949,0.8764372334822809
42,dttl,2,0.6698358775258095,-0.0005514868084356417,0.3301641224741904,0.802442189575528,0.8171904210803529,0.6558942910085591,0.007191387981999475,0.34410570899144094,0.8434101675685215,0.876739181996466
42,dttl,5,0.6698358775258095,-0.0005514868084356417,0.3301641224741904,0.802442189575528,0.8171904210803529,0.6558942910085591,0.007191387981999475,0.34410570899144094,0.8434121475552143,0.8767412492775779
42,dttl,10,0.6698358775258095,-0.0005514868084356417,0.3301641224741904,0.802442189575528,0.8171904210803529,0.6558942910085591,0.007191387981999475,0.34410570899144094,0.8434103678923786,0.8767423030567618
42,dttl,15,0.6698358775258095,-0.0005514868084356417,0.3301641224741904,0.802442189575528,0.8171904210803529,0.6558942910085591,0.007191387981999475,0.34410570899144094,0.843410771521102,0.8767441601151329
123,sttl,-15,0.6910129709697344,-0.03754522191829179,0.3089870290302656,0.816952418612471,0.8245957018162973,0.6083340686490779,-0.10698844083649517,0.3916659313509221,0.8356400639366977,0.8653760651688981
123,sttl,-10,0.6910129709697344,-0.03754522191829179,0.3089870290302656,0.816952418612471,0.8245957018162973,0.6494308656136946,-0.06589164387187851,0.3505691343863055,0.8438292930714177,0.8729034046299603
123,sttl,-5,0.6910129709697344,-0.03754522191829179,0.3089870290302656,0.816952418612471,0.8245957018162973,0.6861378275831642,-0.02918468190240886,0.3138621724168358,0.8514840456356825,0.8800086022328593
123,sttl,-2,0.6910129709697344,-0.03754522191829179,0.3089870290302656,0.8169534497437524,0.8245993665999909,0.7055281037677579,-0.009794405717815202,0.2944718962322421,0.8564200412690993,0.8846544066705982
123,sttl,0,0.7285581928880261,0.0,0.27144180711197385,0.8209898434015945,0.8325798009851084,0.7153225094855731,0.0,0.28467749051442687,0.8594066133105663,0.8874919023149306
123,sttl,2,0.724366893143916,-0.004191299744110144,0.275633106856084,0.8208262771838282,0.8323438096437513,0.7169769699108798,0.001654460425306703,0.2830230300891203,0.8599415704197977,0.8880152189116914
123,sttl,5,0.724366893143916,-0.004191299744110144,0.275633106856084,0.820792908356605,0.8323268141835082,0.7171755051619165,0.0018529956763434496,0.2828244948380835,0.8598163906649081,0.8879230060089119
123,sttl,10,0.724366893143916,-0.004191299744110144,0.275633106856084,0.8207928776522044,0.8323267975620434,0.7173078619959411,0.0019853525103680214,0.28269213800405896,0.859621936118153,0.8877767504601568
123,sttl,15,0.724366893143916,-0.004191299744110144,0.275633106856084,0.8207928776522044,0.8323267975620434,0.717616694608665,0.002294185123091874,0.28238330539133505,0.859417790308618,0.8876205867904218
123,dttl,-15,0.7285581928880261,0.0,0.27144180711197385,0.8209900952969205,0.8325800347559587,0.6626003705991352,-0.05272213888643784,0.3373996294008647,0.859207075545942,0.8886892966219505
123,dttl,-10,0.7285581928880261,0.0,0.27144180711197385,0.8209900952969205,0.8325800347559587,0.6825200741198271,-0.03280243536574601,0.31747992588017293,0.8598220292448984,0.8886689624000765
123,dttl,-5,0.7285581928880261,0.0,0.27144180711197385,0.8209900952969205,0.8325800347559587,0.6980278831730345,-0.01729462631253853,0.3019721168269655,0.8601087928460536,0.8884924829372061
123,dttl,-2,0.7285581928880261,0.0,0.27144180711197385,0.8209900952969205,0.8325800347559587,0.7098076414012177,-0.005514868084355418,0.29019235859878234,0.8601420120265859,0.8882923693834377
123,dttl,0,0.7285581928880261,0.0,0.27144180711197385,0.8209898434015945,0.8325798009851084,0.7153225094855731,0.0,0.28467749051442687,0.8594066133105663,0.8874919023149306
123,dttl,2,0.7281170034412777,-0.00044118944674842453,0.27188299655872233,0.8209276887515771,0.8326074568182009,0.7212344480720021,0.005911938586429022,0.2787655519279979,0.8600051046811392,0.8880169922074985
123,dttl,5,0.7281170034412777,-0.00044118944674842453,0.27188299655872233,0.8209276887515771,0.8326074568182009,0.7212344480720021,0.005911938586429022,0.2787655519279979,0.8600071451823306,0.88801921100258
123,dttl,10,0.7281170034412777,-0.00044118944674842453,0.27188299655872233,0.8209276887515771,0.8326074568182009,0.7212344480720021,0.005911938586429022,0.2787655519279979,0.860002998597733,0.8880192746748532
123,dttl,15,0.7281170034412777,-0.00044118944674842453,0.27188299655872233,0.8209276887515771,0.8326074568182009,0.7212344480720021,0.005911938586429022,0.2787655519279979,0.8600019403392627,0.888020329292883
2026,sttl,-15,0.6814612194476308,-0.04339098208770842,0.31853878055236917,0.8153215659959792,0.8205935661176698,0.4102179475866937,-0.012353304508956164,0.5897820524133063,0.7354540170299126,0.7829550181796788
2026,sttl,-10,0.6814612194476308,-0.04339098208770842,0.31853878055236917,0.8153215659959792,0.8205935661176698,0.41390187946704315,-0.00866937262860673,0.5860981205329568,0.7389862825854179,0.7868890408759932
2026,sttl,-5,0.6814612194476308,-0.04339098208770842,0.31853878055236917,0.8153215659959792,0.8205935661176698,0.4176299302920674,-0.004941321803582477,0.5823700697079326,0.7420773196429467,0.7900364143709402
2026,sttl,-2,0.6814612194476308,-0.04339098208770842,0.31853878055236917,0.8153227026550065,0.8205978350541026,0.4204094238065825,-0.002161828289067358,0.5795905761934175,0.7440399693790676,0.7919379473535877
2026,sttl,0,0.7248522015353392,0.0,0.2751477984646607,0.8168408528311246,0.8270938810303425,0.4225712520956499,0.0,0.5774287479043502,0.7452297482119905,0.7930631484146181
2026,sttl,2,0.7161166504897203,-0.008735551045618961,0.2838833495102797,0.8161635012317533,0.8258149979338125,0.4231889173210977,0.0006176652254478165,0.5768110826789024,0.7454212327787065,0.7932558016669888
2026,sttl,5,0.7161166504897203,-0.008735551045618961,0.2838833495102797,0.8161264121043306,0.8257952343963306,0.42334333362745963,0.0007720815318097429,0.5766566663725403,0.745349366296942,0.793202469892614
2026,sttl,10,0.7161166504897203,-0.008735551045618961,0.2838833495102797,0.8161269120196699,0.8257955456089705,0.4234315715168093,0.0008603194211594389,0.5765684284831907,0.7452576194609856,0.7931249600957133
2026,sttl,15,0.7161166504897203,-0.008735551045618961,0.2838833495102797,0.8161269120196699,0.8257955456089705,0.42367422571252095,0.0011029736168710613,0.576325774287479,0.7451205103011773,0.7930255948007277
2026,dttl,-15,0.7248522015353392,0.0,0.2751477984646607,0.8168410892251998,0.8270939936763679,0.38015088679078796,-0.04242036530486193,0.619849113209212,0.7376205034448549,0.7849759000367992
2026,dttl,-10,0.7248522015353392,0.0,0.2751477984646607,0.8168410892251998,0.8270939936763679,0.3939380570016765,-0.028633195093973385,0.6060619429983235,0.7404377302830052,0.7877763520750791
2026,dttl,-5,0.7248522015353392,0.0,0.2751477984646607,0.8168410310955092,0.8270939667035662,0.4070855025147799,-0.015485749580870012,0.5929144974852202,0.7429373734561351,0.7904341765884146
2026,dttl,-2,0.7248522015353392,0.0,0.2751477984646607,0.8168409828031508,0.8270939448316829,0.4176299302920674,-0.004941321803582477,0.5823700697079326,0.7446878596588293,0.7923108956308507
2026,dttl,0,0.7248522015353392,0.0,0.2751477984646607,0.8168408528311246,0.8270938810303425,0.4225712520956499,0.0,0.5774287479043502,0.7452297482119905,0.7930631484146181
2026,dttl,2,0.7248522015353392,0.0,0.2751477984646607,0.8168358486100147,0.8270868171430557,0.42824053648636723,0.005669284390717344,0.5717594635136327,0.7461892410587592,0.794122946965336
2026,dttl,5,0.7248522015353392,0.0,0.2751477984646607,0.8168358486100147,0.8270868171430557,0.42824053648636723,0.005669284390717344,0.5717594635136327,0.7461938246593898,0.794128484575253
2026,dttl,10,0.7248522015353392,0.0,0.2751477984646607,0.8168358486100147,0.8270868171430557,0.42824053648636723,0.005669284390717344,0.5717594635136327,0.7460249364448716,0.7940668337352287
2026,dttl,15,0.7248522015353392,0.0,0.2751477984646607,0.8168358486100147,0.8270868171430557,0.4282625959587047,0.00569134386305481,0.5717374040412954,0.745938647241612,0.7940373123687241
7,sttl,-15,0.6577472866849025,-0.01438277596399895,0.3422527133150975,0.800967253607618,0.8106686210351643,0.5376555192799788,-0.21146210182652436,0.46234448072002116,0.8518905897868219,0.8767536289970166
7,sttl,-10,0.6577472866849025,-0.01438277596399895,0.3422527133150975,0.800967253607618,0.8106686210351643,0.6043192446836672,-0.144798376422836,0.39568075531633284,0.8634779131023727,0.8867411367454541
7,sttl,-5,0.6577472866849025,-0.01438277596399895,0.3422527133150975,0.800967253607618,0.8106686210351643,0.6741374746316068,-0.07498014647489637,0.32586252536839316,0.8743749502171368,0.8964762440363817
7,sttl,-2,0.6577472866849025,-0.01438277596399895,0.3422527133150975,0.8009681401599251,0.8106720121842614,0.7221388864378364,-0.026978734668666737,0.2778611135621636,0.8812112587969598,0.9028032290892034
7,sttl,0,0.6721300626489014,0.0,0.32786993735109854,0.802779732293398,0.8170186445445462,0.7491176211065032,0.0,0.25088237889349685,0.8851645126883703,0.9065496565740345
7,sttl,2,0.6720197652872143,-0.00011029736168710613,0.32798023471278565,0.8024782964602297,0.8157600297732577,0.7537721697696991,0.004654548663195923,0.2462278302303009,0.8858846107755158,0.9072447967316881
7,sttl,5,0.6720197652872143,-0.00011029736168710613,0.32798023471278565,0.8024222770264309,0.8157299158980618,0.7538383481867114,0.004720727080208209,0.24616165181328864,0.8858024615986322,0.9071783136695393
7,sttl,10,0.6720197652872143,-0.00011029736168710613,0.32798023471278565,0.802425377872799,0.8157316804740843,0.7539927644930733,0.0048751433865701355,0.24600723550692669,0.8856747056550949,0.9070745710086341
7,sttl,15,0.6720197652872143,-0.00011029736168710613,0.32798023471278565,0.802425377872799,0.8157316804740843,0.7540148239654108,0.004897202858907601,0.24598517603458925,0.8855404955272931,0.9069651195295199
7,dttl,-15,0.6721300626489014,0.0,0.32786993735109854,0.8027799889583398,0.8170187811131939,0.7017118150533839,-0.04740580605311928,0.2982881849466161,0.8927724872472401,0.9143882890927808
7,dttl,-10,0.6721300626489014,0.0,0.32786993735109854,0.8027799889583398,0.8170187811131939,0.7185652519191741,-0.030552369187329065,0.2814347480808259,0.8918579513069941,0.9132477496201116
7,dttl,-5,0.6721300626489014,0.0,0.32786993735109854,0.8027799138368934,0.8170187462641612,0.7351760345892526,-0.013941586517250526,0.2648239654107474,0.8896328701639078,0.910912506337952
7,dttl,-2,0.6721300626489014,0.0,0.32786993735109854,0.8027799138368934,0.8170187462641612,0.7456984028942027,-0.003419218212300401,0.25430159710579725,0.887381726648558,0.9086724918893995
7,dttl,0,0.6721300626489014,0.0,0.32786993735109854,0.802779732293398,0.8170186445445462,0.7491176211065032,0.0,0.25088237889349685,0.8851645126883703,0.9065496565740345
7,dttl,2,0.6720859437042266,-4.411894467482025e-05,0.3279140562957734,0.8027611904125956,0.8169843985091392,0.7561104738374658,0.006992852730962618,0.2438895261625342,0.8845333384209233,0.9059275737362403
7,dttl,5,0.6720859437042266,-4.411894467482025e-05,0.3279140562957734,0.8027611904125956,0.8169843985091392,0.7561104738374658,0.006992852730962618,0.2438895261625342,0.8845362133067507,0.9059300885603077
7,dttl,10,0.6720859437042266,-4.411894467482025e-05,0.3279140562957734,0.8027611904125956,0.8169843985091392,0.7561104738374658,0.006992852730962618,0.2438895261625342,0.8845382293636619,0.9059327657711664
7,dttl,15,0.6720859437042266,-4.411894467482025e-05,0.3279140562957734,0.8027611904125956,0.8169843985091392,0.7561104738374658,0.006992852730962618,0.2438895261625342,0.8845415338129976,0.9059359879169728
99,sttl,-15,0.6621591811523868,-0.017890232065648992,0.3378408188476132,0.8006442433124027,0.8128587182487848,0.7747286684902497,-0.022368304950145634,0.2252713315097503,0.9036121914952984,0.928177347325716
99,sttl,-10,0.6621591811523868,-0.017890232065648992,0.3378408188476132,0.8006442433124027,0.8128587182487848,0.7813244507191388,-0.01577252272125651,0.2186755492808612,0.9069023659678386,0.9318810611736408
99,sttl,-5,0.6621591811523868,-0.017890232065648992,0.3378408188476132,0.8006442433124027,0.8128587182487848,0.7878540545310156,-0.009242918909379672,0.21214594546898438,0.9089774859236718,0.9342058289560218
99,sttl,-2,0.6621591811523868,-0.017890232065648992,0.3378408188476132,0.8006445232292205,0.8128605709042562,0.7934130415600459,-0.0036839318803494336,0.20658695843995412,0.9099809042475813,0.9353155196353041
99,sttl,0,0.6800494132180358,0.0,0.3199505867819642,0.8021360586519636,0.8169270761951037,0.7970969734403953,0.0,0.20290302655960468,0.9104988707934971,0.9358779603958856
99,sttl,2,0.6801597105797229,0.00011029736168710613,0.3198402894202771,0.8021137031653555,0.8169025307626008,0.7981778875849289,0.0010809141445335957,0.20182211241507103,0.9105860355193276,0.9359750382169558
99,sttl,5,0.6801597105797229,0.00011029736168710613,0.3198402894202771,0.8020808706217909,0.8168857206188895,0.7984205417806406,0.0013235683402452736,0.20157945821935938,0.9105692109982566,0.9359635782575239
99,sttl,10,0.6801597105797229,0.00011029736168710613,0.3198402894202771,0.8020808706217909,0.8168857206188895,0.7990602664784259,0.0019632930380305558,0.20093973352157415,0.9105408878281793,0.9359427606964132
99,sttl,15,0.6801597105797229,0.00011029736168710613,0.3198402894202771,0.8020808706217909,0.8168857206188895,0.7993690990911497,0.0022721256507544085,0.20063090090885027,0.9105078802993412,0.9359173793453647
99,dttl,-15,0.6800494132180358,0.0,0.3199505867819642,0.8021362211169963,0.8169271639595024,0.7391467396099886,-0.05795023383040676,0.26085326039001144,0.9019795952861889,0.9300947039404679
99,dttl,-10,0.6800494132180358,0.0,0.3199505867819642,0.8021362211169963,0.8169271639595024,0.7591326215476926,-0.03796435189270275,0.24086737845230743,0.9050147861065865,0.9322508725962325
99,dttl,-5,0.6800494132180358,0.0,0.3199505867819642,0.8021361662664165,0.8169271324907581,0.7769125562516545,-0.020184417188740866,0.22308744374834555,0.9077358044314499,0.9341178285347597
99,dttl,-2,0.6800494132180358,0.0,0.3199505867819642,0.8021361275132893,0.8169271120124826,0.7887364334245125,-0.008360540015882822,0.2112635665754875,0.9094933714266635,0.9352745267509422
99,dttl,0,0.6800494132180358,0.0,0.3199505867819642,0.8021360586519636,0.8169270761951037,0.7970969734403953,0.0,0.20290302655960468,0.9104988707934971,0.9358779603958856
99,dttl,2,0.6798508779669991,-0.00019853525103674663,0.32014912203300094,0.8021086214379913,0.8169907426605878,0.8030089120268243,0.005911938586429022,0.1969910879731757,0.9111993937818523,0.9363508962822154
99,dttl,5,0.6798508779669991,-0.00019853525103674663,0.32014912203300094,0.8021086214379913,0.8169907426605878,0.8030089120268243,0.005911938586429022,0.1969910879731757,0.9112020051464154,0.9363529018024161
99,dttl,10,0.6798508779669991,-0.00019853525103674663,0.32014912203300094,0.8021086214379913,0.8169907426605878,0.8030089120268243,0.005911938586429022,0.1969910879731757,0.911205246100243,0.9363555373528936
99,dttl,15,0.6798508779669991,-0.00019853525103674663,0.32014912203300094,0.8021086214379913,0.8169907426605878,0.8030309714991617,0.0059339980587663765,0.19696902850083825,0.9112087782987257,0.9363582833177706
