TTL Feature,Perturbation (%),Attack Category,Samples,RF TPR,RF TPR Drop,MLP TPR,MLP TPR Drop,RF TPR SD,RF TPR Drop SD,MLP TPR SD,MLP TPR Drop SD,RF TPR Drop CI Low,RF TPR Drop CI High,MLP TPR Drop CI Low,MLP TPR Drop CI High
dttl,-15,Analysis,677.0,0.7805022156573117,0.0,0.9084194977843426,-0.03574593796159531,0.01395844567790539,0.0,0.0752961363422921,0.020847596767358784,0.0,0.0,-0.06162749845462528,-0.00986437746856534
dttl,-15,Backdoor,583.0,0.9077186963979417,0.0,0.9324185248713551,-0.019210977701543695,0.01447342923480552,0.0,0.0298968429454275,0.005342165180925372,0.0,0.0,-0.025843088483269796,-0.012578866919817595
dttl,-15,DoS,4089.0,0.3428222059183174,0.0,0.7056493030080705,-0.031205673758865248,0.08061078640329797,0.0,0.21654875090306344,0.008929904800365313,0.0,0.0,-0.04229183749594977,-0.020119510021780723
dttl,-15,Exploits,11132.0,0.46679841897233204,0.0,0.5492633848365074,-0.08345310815666548,0.06433289833439168,0.0,0.09689895727146053,0.015323119125238484,0.0,0.0,-0.10247622333906875,-0.06442999297426222
dttl,-15,Fuzzers,6062.0,0.5957109864731112,0.0,0.351270207852194,-0.11379082810953481,0.007126284565251775,0.0,0.040814127022586515,0.01973672969830081,0.0,0.0,-0.13829328608209804,-0.08928837013697158
dttl,-15,Generic,18871.0,0.9841767791849929,0.0,0.7518202532987124,-0.0009114514334163549,0.004498432978181847,0.0,0.23604269898072577,0.003599982157948551,0.0,0.0,-0.005380703071123383,0.0035578002042906736
dttl,-15,Reconnaissance,3496.0,0.3603546910755149,0.0,0.40085812356979406,-0.09748283752860412,0.012331991749770968,0.0,0.06455842564676924,0.011274885986276278,0.0,0.0,-0.11148021319555469,-0.08348546186165355
dttl,-15,Shellcode,378.0,0.3941798941798942,0.0,0.36666666666666664,-0.1052910052910053,0.0,0.0,0.02937580241797104,0.020780250673709505,0.0,0.0,-0.13108895796984912,-0.07949305261216147
dttl,-15,Worms,44.0,0.40909090909090906,0.0,0.32727272727272727,-0.16363636363636366,0.03936479108111087,0.0,0.07639880142714371,0.06508100483307434,0.0,0.0,-0.24443214946869815,-0.08284057780402918
dttl,-10,Analysis,677.0,0.7805022156573117,0.0,0.9249630723781388,-0.019202363367799104,0.01395844567790539,0.0,0.08472068893503353,0.014918027973946976,0.0,0.0,-0.03772257208792094,-0.0006821546476772702
dttl,-10,Backdoor,583.0,0.9077186963979417,0.0,0.9403087478559176,-0.01132075471698113,0.01447342923480552,0.0,0.032052991085552214,0.0043052831554069425,0.0,0.0,-0.01666561281596117,-0.005975896618001089
dttl,-10,DoS,4089.0,0.3428222059183174,0.0,0.715920763022744,-0.020934213744191733,0.08061078640329797,0.0,0.21850097878854338,0.006364633893937957,0.0,0.0,-0.028835683586502656,-0.013032743901880809
dttl,-10,Exploits,11132.0,0.46679841897233204,0.0,0.5797161336687029,-0.05300035932446999,0.06433289833439168,0.0,0.0994903168671276,0.010627442631096117,0.0,0.0,-0.06619395676461114,-0.03980676188432884
dttl,-10,Fuzzers,6062.0,0.5957109864731112,0.0,0.38634114153744636,-0.07871989442428243,0.007126284565251775,0.0,0.045075410900966166,0.013272732841423105,0.0,0.0,-0.09519752691960043,-0.062242261928964426
dttl,-10,Generic,18871.0,0.9841767791849929,0.0,0.7535371734407292,0.0008054687086004764,0.004498432978181847,0.0,0.23598789253120056,0.0036549445324254013,0.0,0.0,-0.003732016790099604,0.0053429542073005565
dttl,-10,Reconnaissance,3496.0,0.3603546910755149,0.0,0.4389588100686499,-0.059382151029748274,0.012331991749770968,0.0,0.07301494832473765,0.0066365254769489065,0.0,0.0,-0.06762116474014962,-0.051143137319346936
dttl,-10,Shellcode,378.0,0.3941798941798942,0.0,0.4132275132275132,-0.058730158730158744,0.0,0.0,0.043324901790337086,0.013411419953054579,0.0,0.0,-0.07537996641235073,-0.04208035104796675
dttl,-10,Worms,44.0,0.40909090909090906,0.0,0.37727272727272726,-0.11363636363636367,0.03936479108111087,0.0,0.09453015610493372,0.03214121732666126,0.0,0.0,-0.15353855811194286,-0.07373416916078449
dttl,-5,Analysis,677.0,0.7805022156573117,0.0,0.9385524372230428,-0.005612998522895119,0.01395844567790539,0.0,0.09126787062952145,0.005467283758736162,0.0,0.0,-0.012400439632454595,0.0011744425866643572
dttl,-5,Backdoor,583.0,0.9077186963979417,0.0,0.9475128644939966,-0.004116638078902191,0.01447342923480552,0.0,0.030287923567617153,0.001955703988163221,0.0,0.0,-0.0065445760153916965,-0.0016887001424126858
dttl,-5,DoS,4089.0,0.3428222059183174,0.0,0.7263878698948398,-0.010467106872095866,0.08061078640329797,0.0,0.21982526465667288,0.0035583062091204204,0.0,0.0,-0.014884619280445363,-0.006049594463746369
dttl,-5,Exploits,11132.0,0.46679841897233204,0.0,0.6054617319439454,-0.02725476104922745,0.06433289833439168,0.0,0.10024490629261529,0.0067059997190064315,0.0,0.0,-0.03558002459545325,-0.01892949750300165
dttl,-5,Fuzzers,6062.0,0.5957109864731112,0.0,0.4184097657538766,-0.0466512702078522,0.007126284565251775,0.0,0.043399696195841296,0.00965232462057607,0.0,0.0,-0.05863429282448984,-0.03466824759121456
dttl,-5,Generic,18871.0,0.9841767791849929,0.0,0.7551163160404853,0.002384611308356732,0.004498432978181847,0.0,0.2360364615577633,0.0034835523711980545,0.0,0.0,-0.001940096830998887,0.006709319447712352
dttl,-5,Reconnaissance,3496.0,0.3603546910755149,0.0,0.46859267734553783,-0.029748283752860406,0.012331991749770968,0.0,0.07460204295902934,0.0038109017718747943,0.0,0.0,-0.03447938469664888,-0.025017182809071937
dttl,-5,Shellcode,378.0,0.3941798941798942,0.0,0.4444444444444445,-0.027513227513227524,0.0,0.0,0.053075139279732474,0.010004058413327552,0.0,0.0,-0.03993291530216904,-0.015093539724286013
dttl,-5,Worms,44.0,0.40909090909090906,0.0,0.43636363636363634,-0.05454545454545458,0.03936479108111087,0.0,0.10587104271683738,0.034467615654779765,0.0,0.0,-0.09733579098444489,-0.011755118106464263
dttl,-2,Analysis,677.0,0.7805022156573117,0.0,0.9429837518463812,-0.0011816838995568624,0.01395844567790539,0.0,0.09345884285889118,0.0021909005870298015,0.0,0.0,-0.003901610167807041,0.0015382423686933163
dttl,-2,Backdoor,583.0,0.9077186963979417,0.0,0.9502572898799315,-0.0013722126929673895,0.01447342923480552,0.0,0.0288807173936239,0.0007670902152657825,0.0,0.0,-0.0023245283018867575,-0.0004198970840480214
dttl,-2,DoS,4089.0,0.3428222059183174,0.0,0.7340180973343116,-0.0028368794326241063,0.08061078640329797,0.0,0.22001938587297534,0.0025391728740361574,0.0,0.0,-0.005989173535152138,0.00031541466990392614
dttl,-2,Exploits,11132.0,0.46679841897233204,0.0,0.622403880704276,-0.010312612288896883,0.06433289833439168,0.0,0.10203699114826421,0.0035760232297695075,0.0,0.0,-0.014752119757243106,-0.005873104820550659
dttl,-2,Fuzzers,6062.0,0.5957109864731112,0.0,0.445628505443748,-0.019432530517980873,0.007126284565251775,0.0,0.04386557962953792,0.005904627882065507,0.0,0.0,-0.026762919023853294,-0.012102142012108453
dttl,-2,Generic,18871.0,0.9841767791849929,0.0,0.7558475968417148,0.003115892109586105,0.004498432978181847,0.0,0.23574682875100866,0.003473542374512099,0.0,0.0,-0.0011963889698232946,0.007428173188995505
dttl,-2,Reconnaissance,3496.0,0.3603546910755149,0.0,0.4886727688787185,-0.00966819221967965,0.012331991749770968,0.0,0.07158051472530039,0.001756302223456423,0.0,0.0,-0.011848579856090623,-0.007487804583268678
dttl,-2,Shellcode,378.0,0.3941798941798942,0.0,0.464021164021164,-0.007936507936507953,0.0,0.0,0.04869449889880863,0.005611958580845635,0.0,0.0,-0.014903557765577358,-0.0009694581074385488
dttl,-2,Worms,44.0,0.40909090909090906,0.0,0.4727272727272728,-0.018181818181818177,0.03936479108111087,0.0,0.09958591954639386,0.029632738205466583,0.0,0.0,-0.054969823772933066,0.018606187409296714
dttl,0,Analysis,677.0,0.7805022156573117,0.0,0.9441654357459379,0.0,0.01395844567790539,0.0,0.094767530885766,0.0,0.0,0.0,0.0,0.0
dttl,0,Backdoor,583.0,0.9077186963979417,0.0,0.9516295025728988,0.0,0.01447342923480552,0.0,0.028660855676439646,0.0,0.0,0.0,0.0,0.0
dttl,0,DoS,4089.0,0.3428222059183174,0.0,0.7368549767669357,0.0,0.08061078640329797,0.0,0.2224568408058738,0.0,0.0,0.0,0.0,0.0
dttl,0,Exploits,11132.0,0.46679841897233204,0.0,0.6327164929931728,0.0,0.06433289833439168,0.0,0.10427768923588707,0.0,0.0,0.0,0.0,0.0
dttl,0,Fuzzers,6062.0,0.5957109864731112,0.0,0.4650610359617288,0.0,0.007126284565251775,0.0,0.047850997937266375,0.0,0.0,0.0,0.0,0.0
dttl,0,Generic,18871.0,0.9841767791849929,0.0,0.7527317047321287,0.0,0.004498432978181847,0.0,0.23488060905798663,0.0,0.0,0.0,0.0,0.0
dttl,0,Reconnaissance,3496.0,0.3603546910755149,0.0,0.49834096109839815,0.0,0.012331991749770968,0.0,0.07110106013463295,0.0,0.0,0.0,0.0,0.0
dttl,0,Shellcode,378.0,0.3941798941798942,0.0,0.471957671957672,0.0,0.0,0.0,0.04858658453354211,0.0,0.0,0.0,0.0,0.0
dttl,0,Worms,44.0,0.40909090909090906,0.0,0.4909090909090909,0.0,0.03936479108111087,0.0,0.09854310631217637,0.0,0.0,0.0,0.0,0.0
dttl,2,Analysis,677.0,0.7805022156573117,0.0,0.9453471196454949,0.0011816838995569068,0.01395844567790539,0.0,0.09449431374630404,0.0012358346034476813,0.0,0.0,-0.00035256143363135276,0.0027159292327451666
dttl,2,Backdoor,583.0,0.9077186963979417,0.0,0.9519725557461406,0.0003430531732418585,0.01447342923480552,0.0,0.028804212047592887,0.0007670902152658075,0.0,0.0,-0.0006092624356775407,0.0012953687821612575
dttl,2,DoS,4089.0,0.3424309122034727,-0.00039129371484470933,0.7401809733431157,0.0033259965761799903,0.08051798967187775,0.0002788396735385515,0.2202539221380419,0.00238742281474507,-0.0007374633937327886,-4.51240359566301e-05,0.00036209485207288564,0.006289898300287095
dttl,2,Exploits,11132.0,0.4659899389148401,-0.0008084800574919004,0.6395616241466044,0.006845131153431538,0.06431313920776037,0.0009591338710053229,0.1040566728541362,0.002113800830000032,-0.0019992111321740997,0.0003822510171902988,0.004220921530501754,0.009469340776361322
dttl,2,Fuzzers,6062.0,0.5957109864731112,0.0,0.48053447707027386,0.015473441108545028,0.007126284565251775,0.0,0.04943483825942278,0.0028438616878271135,0.0,0.0,0.011942886525747775,0.01900399569134228
dttl,2,Generic,18871.0,0.984144984367548,-3.1794817444730227e-05,0.7566000741879073,0.0038683694557787194,0.004507288415300896,2.9024564543729183e-05,0.2355435789980938,0.00345522375666033,-6.782779675669293e-05,4.238161867232477e-06,-0.00042116970179815593,0.008157908613355594
dttl,2,Reconnaissance,3496.0,0.36024027459954233,-0.00011441647597254523,0.5052059496567505,0.006864988558352392,0.01227580017403826,0.00015667121210102716,0.06888409941578064,0.002393192295578025,-0.00030891829307684755,8.008534113175712e-05,0.00389392422606278,0.009836052890642004
dttl,2,Shellcode,378.0,0.3941798941798942,0.0,0.4851851851851852,0.013227513227513244,0.0,0.0,0.049088155255280916,0.004949282257637503,0.0,0.0,0.007083152821009011,0.019371873634017475
dttl,2,Worms,44.0,0.4045454545454545,-0.004545454545454552,0.5045454545454546,0.013636363636363636,0.0406557814090871,0.010163945352271787,0.08099331673275212,0.020327890704543546,-0.017163636363636388,0.008072727272727283,-0.011600000000000001,0.038872727272727274
dttl,5,Analysis,677.0,0.7805022156573117,0.0,0.9453471196454949,0.0011816838995569068,0.01395844567790539,0.0,0.09449431374630404,0.0012358346034476813,0.0,0.0,-0.00035256143363135276,0.0027159292327451666
dttl,5,Backdoor,583.0,0.9077186963979417,0.0,0.9519725557461406,0.0003430531732418585,0.01447342923480552,0.0,0.028804212047592887,0.0007670902152658075,0.0,0.0,-0.0006092624356775407,0.0012953687821612575
dttl,5,DoS,4089.0,0.3424309122034727,-0.00039129371484470933,0.7401809733431157,0.0033259965761799903,0.08051798967187775,0.0002788396735385515,0.2202539221380419,0.00238742281474507,-0.0007374633937327886,-4.51240359566301e-05,0.00036209485207288564,0.006289898300287095
dttl,5,Exploits,11132.0,0.4659899389148401,-0.0008084800574919004,0.6395616241466044,0.006845131153431538,0.06431313920776037,0.0009591338710053229,0.1040566728541362,0.002113800830000032,-0.0019992111321740997,0.0003822510171902988,0.004220921530501754,0.009469340776361322
dttl,5,Fuzzers,6062.0,0.5957109864731112,0.0,0.48053447707027386,0.015473441108545028,0.007126284565251775,0.0,0.04943483825942278,0.0028438616878271135,0.0,0.0,0.011942886525747775,0.01900399569134228
dttl,5,Generic,18871.0,0.984144984367548,-3.1794817444730227e-05,0.7566000741879073,0.0038683694557787194,0.004507288415300896,2.9024564543729183e-05,0.2355435789980938,0.00345522375666033,-6.782779675669293e-05,4.238161867232477e-06,-0.00042116970179815593,0.008157908613355594
dttl,5,Reconnaissance,3496.0,0.36024027459954233,-0.00011441647597254523,0.5052059496567505,0.006864988558352392,0.01227580017403826,0.00015667121210102716,0.06888409941578064,0.002393192295578025,-0.00030891829307684755,8.008534113175712e-05,0.00389392422606278,0.009836052890642004
dttl,5,Shellcode,378.0,0.3941798941798942,0.0,0.4851851851851852,0.013227513227513244,0.0,0.0,0.049088155255280916,0.004949282257637503,0.0,0.0,0.007083152821009011,0.019371873634017475
dttl,5,Worms,44.0,0.4045454545454545,-0.004545454545454552,0.5045454545454546,0.013636363636363636,0.0406557814090871,0.010163945352271787,0.08099331673275212,0.020327890704543546,-0.017163636363636388,0.008072727272727283,-0.011600000000000001,0.038872727272727274
dttl,10,Analysis,677.0,0.7805022156573117,0.0,0.9453471196454949,0.0011816838995569068,0.01395844567790539,0.0,0.09449431374630404,0.0012358346034476813,0.0,0.0,-0.00035256143363135276,0.0027159292327451666
dttl,10,Backdoor,583.0,0.9077186963979417,0.0,0.9519725557461406,0.0003430531732418585,0.01447342923480552,0.0,0.028804212047592887,0.0007670902152658075,0.0,0.0,-0.0006092624356775407,0.0012953687821612575
dttl,10,DoS,4089.0,0.3424309122034727,-0.00039129371484470933,0.7401809733431157,0.0033259965761799903,0.08051798967187775,0.0002788396735385515,0.2202539221380419,0.00238742281474507,-0.0007374633937327886,-4.51240359566301e-05,0.00036209485207288564,0.006289898300287095
dttl,10,Exploits,11132.0,0.4659899389148401,-0.0008084800574919004,0.6395616241466044,0.006845131153431538,0.06431313920776037,0.0009591338710053229,0.1040566728541362,0.002113800830000032,-0.0019992111321740997,0.0003822510171902988,0.004220921530501754,0.009469340776361322
dttl,10,Fuzzers,6062.0,0.5957109864731112,0.0,0.48053447707027386,0.015473441108545028,0.007126284565251775,0.0,0.04943483825942278,0.0028438616878271135,0.0,0.0,0.011942886525747775,0.01900399569134228
dttl,10,Generic,18871.0,0.984144984367548,-3.1794817444730227e-05,0.7566000741879073,0.0038683694557787194,0.004507288415300896,2.9024564543729183e-05,0.2355435789980938,0.00345522375666033,-6.782779675669293e-05,4.238161867232477e-06,-0.00042116970179815593,0.008157908613355594
dttl,10,Reconnaissance,3496.0,0.36024027459954233,-0.00011441647597254523,0.5052059496567505,0.006864988558352392,0.01227580017403826,0.00015667121210102716,0.06888409941578064,0.002393192295578025,-0.00030891829307684755,8.008534113175712e-05,0.00389392422606278,0.009836052890642004
dttl,10,Shellcode,378.0,0.3941798941798942,0.0,0.4851851851851852,0.013227513227513244,0.0,0.0,0.049088155255280916,0.004949282257637503,0.0,0.0,0.007083152821009011,0.019371873634017475
dttl,10,Worms,44.0,0.4045454545454545,-0.004545454545454552,0.5045454545454546,0.013636363636363636,0.0406557814090871,0.010163945352271787,0.08099331673275212,0.020327890704543546,-0.017163636363636388,0.008072727272727283,-0.011600000000000001,0.038872727272727274
dttl,15,Analysis,677.0,0.7805022156573117,0.0,0.9453471196454949,0.0011816838995569068,0.01395844567790539,0.0,0.09449431374630404,0.0012358346034476813,0.0,0.0,-0.00035256143363135276,0.0027159292327451666
dttl,15,Backdoor,583.0,0.9077186963979417,0.0,0.9519725557461406,0.0003430531732418585,0.01447342923480552,0.0,0.028804212047592887,0.0007670902152658075,0.0,0.0,-0.0006092624356775407,0.0012953687821612575
dttl,15,DoS,4089.0,0.3424309122034727,-0.00039129371484470933,0.7402298850574713,0.0033749082905355833,0.08051798967187775,0.0002788396735385515,0.2202860843186043,0.002398669569134595,-0.0007374633937327886,-4.51240359566301e-05,0.00039704411515263226,0.006352772465918534
dttl,15,Exploits,11132.0,0.4659899389148401,-0.0008084800574919004,0.6395616241466044,0.006845131153431538,0.06431313920776037,0.0009591338710053229,0.1040566728541362,0.002113800830000032,-0.0019992111321740997,0.0003822510171902988,0.004220921530501754,0.009469340776361322
dttl,15,Fuzzers,6062.0,0.5957109864731112,0.0,0.48053447707027386,0.015473441108545028,0.007126284565251775,0.0,0.04943483825942278,0.0028438616878271135,0.0,0.0,0.011942886525747775,0.01900399569134228
dttl,15,Generic,18871.0,0.984144984367548,-3.1794817444730227e-05,0.7566106724603889,0.0038789677282602963,0.004507288415300896,2.9024564543729183e-05,0.23552317289898594,0.003441665584434091,-6.782779675669293e-05,4.238161867232477e-06,-0.0003937394338322008,0.008151674890352793
dttl,15,Reconnaissance,3496.0,0.36024027459954233,-0.00011441647597254523,0.5052059496567505,0.006864988558352392,0.01227580017403826,0.00015667121210102716,0.06888409941578064,0.002393192295578025,-0.00030891829307684755,8.008534113175712e-05,0.00389392422606278,0.009836052890642004
dttl,15,Shellcode,378.0,0.3941798941798942,0.0,0.4851851851851852,0.013227513227513244,0.0,0.0,0.049088155255280916,0.004949282257637503,0.0,0.0,0.007083152821009011,0.019371873634017475
dttl,15,Worms,44.0,0.4045454545454545,-0.004545454545454552,0.5045454545454546,0.013636363636363636,0.0406557814090871,0.010163945352271787,0.08099331673275212,0.020327890704543546,-0.017163636363636388,0.008072727272727283,-0.011600000000000001,0.038872727272727274
sttl,-15,Analysis,677.0,0.7734121122599704,-0.0070901033973412185,0.9426883308714918,-0.001477104874446078,0.010104952068825432,0.008701138242258872,0.0956098847542861,0.001477104874446078,-0.017892261472838678,0.0037120546781562397,-0.003310878790410445,0.00035666904151828924
sttl,-15,Backdoor,583.0,0.9005145797598628,-0.007204116638078917,0.9488850771869639,-0.002744425385934779,0.013722126929674096,0.0049117739496659955,0.028221206276053377,0.0015341804305315963,-0.013301911795236246,-0.0011063214809215877,-0.004649056603773554,-0.000839794168096004
sttl,-15,DoS,4089.0,0.2938126681340181,-0.04900953778429935,0.7235999021765712,-0.013255074590364402,0.058323912351205,0.02638321176484053,0.23546796023473993,0.01321680141767721,-0.0817633702241739,-0.01625570534442479,-0.029663270183995626,0.0031531210032668226
sttl,-15,Exploits,11132.0,0.39699964067553,-0.069798778296802,0.6215415019762845,-0.011174991016888246,0.025446208080988558,0.0401811786989628,0.10510728281041352,0.003016774493247478,-0.11968230294395518,-0.01991525364964882,-0.01492021078548349,-0.007429771248293002
sttl,-15,Fuzzers,6062.0,0.5925107225338173,-0.003200263939293935,0.4014186737050478,-0.06364236225668096,0.005937946732461077,0.0021464093278553823,0.06193920025612194,0.02509142866579507,-0.005864955869093328,-0.0005355720094945417,-0.09479249126757489,-0.03249223324578704
sttl,-15,Generic,18871.0,0.983074558846908,-0.0011022203380848916,0.5892851465211171,-0.16344655821101162,0.004292398486072927,0.0005638041896357736,0.2312079200969192,0.1875261167541146,-0.0018021634731674448,-0.0004022772030023383,-0.3962536577033485,0.06936054128132527
sttl,-15,Reconnaissance,3496.0,0.35343249427917617,-0.006922196796338676,0.4500572082379863,-0.0482837528604119,0.009616686087727857,0.004152033451753273,0.05862190702799964,0.013730573022918763,-0.012076800760997514,-0.001767592831679838,-0.06532977788968723,-0.03123772783113657
sttl,-15,Shellcode,378.0,0.3941798941798942,0.0,0.43968253968253973,-0.032275132275132276,0.0,0.0,0.03415670745307809,0.020095374618870843,0.0,0.0,-0.05722283534288961,-0.00732742920737494
sttl,-15,Worms,44.0,0.4045454545454545,-0.004545454545454552,0.4227272727272727,-0.0681818181818182,0.0406557814090871,0.010163945352271787,0.07294002970855096,0.06626081698687841,-0.017163636363636388,0.008072727272727283,-0.15044229944019344,0.01407866307655703
sttl,-10,Analysis,677.0,0.7734121122599704,-0.0070901033973412185,0.9426883308714918,-0.001477104874446078,0.010104952068825432,0.008701138242258872,0.0956098847542861,0.001477104874446078,-0.017892261472838678,0.0037120546781562397,-0.003310878790410445,0.00035666904151828924
sttl,-10,Backdoor,583.0,0.9005145797598628,-0.007204116638078917,0.9492281303602059,-0.002401372212692943,0.013722126929674096,0.0049117739496659955,0.029225029832568066,0.0009394898070414779,-0.013301911795236246,-0.0011063214809215877,-0.0035677158706631474,-0.001235028554722738
sttl,-10,DoS,4089.0,0.2938126681340181,-0.04900953778429935,0.7277084861824407,-0.009146490584495005,0.058323912351205,0.02638321176484053,0.23188522258379643,0.009654025125581146,-0.0817633702241739,-0.01625570534442479,-0.021131624318478627,0.0028386431494886177
sttl,-10,Exploits,11132.0,0.39699964067553,-0.069798778296802,0.6252066115702479,-0.007509881422924913,0.025446208080988558,0.0401811786989628,0.10491081194229131,0.0023430256219842596,-0.11968230294395518,-0.01991525364964882,-0.010418665588735863,-0.004601097257113963
sttl,-10,Fuzzers,6062.0,0.5925107225338173,-0.003200263939293935,0.41629825140217747,-0.04876278455955131,0.005937946732461077,0.0021464093278553823,0.06044375061673365,0.020033078261381104,-0.005864955869093328,-0.0005355720094945417,-0.07363314888352641,-0.023892420235576205
sttl,-10,Generic,18871.0,0.983074558846908,-0.0011022203380848916,0.6443537703354354,-0.10837793439669334,0.004292398486072927,0.0005638041896357736,0.21716865226541598,0.12708085213049172,-0.0018021634731674448,-0.0004022772030023383,-0.26614435700281386,0.049388488209427164
sttl,-10,Reconnaissance,3496.0,0.35343249427917617,-0.006922196796338676,0.4692219679633867,-0.02911899313501143,0.009616686087727857,0.004152033451753273,0.06270000699404542,0.009626890373298542,-0.012076800760997514,-0.001767592831679838,-0.04107044002535055,-0.01716754624467231
sttl,-10,Shellcode,378.0,0.3941798941798942,0.0,0.45555555555555555,-0.016402116402116407,0.0,0.0,0.036532849409426554,0.013797253767624638,0.0,0.0,-0.03353092323819105,0.0007266904339582325
sttl,-10,Worms,44.0,0.4045454545454545,-0.004545454545454552,0.4545454545454545,-0.0363636363636364,0.0406557814090871,0.010163945352271787,0.0835053321403356,0.025913077843162234,-0.017163636363636388,0.008072727272727283,-0.06853381402212179,-0.004193458705151004
sttl,-5,Analysis,677.0,0.7734121122599704,-0.0070901033973412185,0.9438700147710488,-0.0002954209748892156,0.010104952068825432,0.008701138242258872,0.09542486192813723,0.0006605813818315445,-0.017892261472838678,0.0037120546781562397,-0.001115509601181678,0.0005246676514032468
sttl,-5,Backdoor,583.0,0.9005145797598628,-0.007204116638078917,0.9509433962264151,-0.000686106346483717,0.013722126929674096,0.0049117739496659955,0.029300436416581997,0.0009394898070414677,-0.013301911795236246,-0.0011063214809215877,-0.0018524500044539093,0.0004802373114864753
sttl,-5,DoS,4089.0,0.2938126681340181,-0.04900953778429935,0.7324529224749328,-0.004402054292002922,0.058323912351205,0.02638321176484053,0.2273311696324264,0.004997020479751175,-0.0817633702241739,-0.01625570534442479,-0.0106056800276121,0.0018015714436062568
sttl,-5,Exploits,11132.0,0.39699964067553,-0.069798778296802,0.6286920589292131,-0.0040244340639597476,0.025446208080988558,0.0401811786989628,0.10429078598812036,0.0019746506164619207,-0.11968230294395518,-0.01991525364964882,-0.006475893575234291,-0.001572974552685204
sttl,-5,Fuzzers,6062.0,0.5925107225338173,-0.003200263939293935,0.4368195315077532,-0.028241504453975597,0.005937946732461077,0.0021464093278553823,0.05438521630671958,0.01044966610871067,-0.005864955869093328,-0.0005355720094945417,-0.041214398574223134,-0.015268610333728063
sttl,-5,Generic,18871.0,0.983074558846908,-0.0011022203380848916,0.6981400031794818,-0.05459170155264694,0.004292398486072927,0.0005638041896357736,0.21785424712070323,0.06540028772284094,-0.0018021634731674448,-0.0004022772030023383,-0.13578386589892227,0.026600462793628397
sttl,-5,Reconnaissance,3496.0,0.35343249427917617,-0.006922196796338676,0.48518306636155606,-0.013157894736842136,0.009616686087727857,0.004152033451753273,0.06759214448059904,0.003794765206356299,-0.012076800760997514,-0.001767592831679838,-0.017868962700269504,-0.008446826773414769
sttl,-5,Shellcode,378.0,0.3941798941798942,0.0,0.46613756613756613,-0.005820105820105825,0.0,0.0,0.04332490179033708,0.006587248464544299,0.0,0.0,-0.013997943847204306,0.002357732206992656
sttl,-5,Worms,44.0,0.4045454545454545,-0.004545454545454552,0.47727272727272724,-0.013636363636363646,0.0406557814090871,0.010163945352271787,0.0950750030152359,0.012448239943299239,-0.017163636363636388,0.008072727272727283,-0.029090417104468434,0.001817689831741142
sttl,-2,Analysis,677.0,0.7734121122599704,-0.0070901033973412185,0.9438700147710488,-0.0002954209748892156,0.010104952068825432,0.008701138242258872,0.09542486192813723,0.0006605813818315445,-0.017892261472838678,0.0037120546781562397,-0.001115509601181678,0.0005246676514032468
sttl,-2,Backdoor,583.0,0.9005145797598628,-0.007204116638078917,0.9512864493996569,-0.0003430531732418585,0.013722126929674096,0.0049117739496659955,0.028537405616583723,0.0007670902152658075,-0.013301911795236246,-0.0011063214809215877,-0.0012953687821612575,0.0006092624356775407
sttl,-2,DoS,4089.0,0.2938126681340181,-0.04900953778429935,0.73514306676449,-0.0017119100024455824,0.058323912351205,0.02638321176484053,0.22435340057722186,0.001964096160945102,-0.0817633702241739,-0.01625570534442479,-0.004150266527223513,0.0007264465223323483
sttl,-2,Exploits,11132.0,0.39699964067553,-0.069798778296802,0.6310636004311894,-0.0016528925619834767,0.025446208080988558,0.0401811786989628,0.10465928543351043,0.001064034324098879,-0.11968230294395518,-0.01991525364964882,-0.0029738538714876575,-0.00033193125247929587
sttl,-2,Fuzzers,6062.0,0.5925107225338173,-0.003200263939293935,0.4539755856153085,-0.011085450346420323,0.005937946732461077,0.0021464093278553823,0.04976921988392014,0.003715127221447502,-0.005864955869093328,-0.0005355720094945417,-0.01569765054360294,-0.006473250149237707
sttl,-2,Generic,18871.0,0.983074558846908,-0.0011022203380848916,0.7331990885485665,-0.019532616183562102,0.004292398486072927,0.0005638041896357736,0.2268082664187758,0.02359659016490369,-0.0018021634731674448,-0.0004022772030023383,-0.048826955602981115,0.009761723235856907
sttl,-2,Reconnaissance,3496.0,0.35343249427917617,-0.006922196796338676,0.4938787185354691,-0.004462242562929064,0.009616686087727857,0.004152033451753273,0.07015786325821623,0.0016752346069046106,-0.012076800760997514,-0.001767592831679838,-0.0065419875955317845,-0.0023824975303263444
sttl,-2,Shellcode,378.0,0.3941798941798942,0.0,0.46984126984126984,-0.002116402116402116,0.0,0.0,0.0474571026380765,0.0011831047499998887,0.0,0.0,-0.0035851851851851843,-0.0006476190476190477
sttl,-2,Worms,44.0,0.4045454545454545,-0.004545454545454552,0.4909090909090909,0.0,0.0406557814090871,0.010163945352271787,0.09854310631217637,0.0,-0.017163636363636388,0.008072727272727283,0.0,0.0
sttl,0,Analysis,677.0,0.7805022156573117,0.0,0.9441654357459379,0.0,0.01395844567790539,0.0,0.094767530885766,0.0,0.0,0.0,0.0,0.0
sttl,0,Backdoor,583.0,0.9077186963979417,0.0,0.9516295025728988,0.0,0.01447342923480552,0.0,0.028660855676439646,0.0,0.0,0.0,0.0,0.0
sttl,0,DoS,4089.0,0.3428222059183174,0.0,0.7368549767669357,0.0,0.08061078640329797,0.0,0.2224568408058738,0.0,0.0,0.0,0.0,0.0
sttl,0,Exploits,11132.0,0.46679841897233204,0.0,0.6327164929931728,0.0,0.06433289833439168,0.0,0.10427768923588707,0.0,0.0,0.0,0.0,0.0
sttl,0,Fuzzers,6062.0,0.5957109864731112,0.0,0.4650610359617288,0.0,0.007126284565251775,0.0,0.047850997937266375,0.0,0.0,0.0,0.0,0.0
sttl,0,Generic,18871.0,0.9841767791849929,0.0,0.7527317047321287,0.0,0.004498432978181847,0.0,0.23488060905798663,0.0,0.0,0.0,0.0,0.0
sttl,0,Reconnaissance,3496.0,0.3603546910755149,0.0,0.49834096109839815,0.0,0.012331991749770968,0.0,0.07110106013463295,0.0,0.0,0.0,0.0,0.0
sttl,0,Shellcode,378.0,0.3941798941798942,0.0,0.471957671957672,0.0,0.0,0.0,0.04858658453354211,0.0,0.0,0.0,0.0,0.0
sttl,0,Worms,44.0,0.40909090909090906,0.0,0.4909090909090909,0.0,0.03936479108111087,0.0,0.09854310631217637,0.0,0.0,0.0,0.0,0.0
sttl,2,Analysis,677.0,0.7796159527326441,-0.000886262924667669,0.9441654357459379,0.0,0.013228131862474495,0.0013211627636631014,0.094767530885766,0.0,-0.0025264401772526093,0.0007539143279172712,0.0,0.0
sttl,2,Backdoor,583.0,0.9073756432246999,-0.0003430531732418585,0.9516295025728988,0.0,0.01414444468479475,0.0007670902152658074,0.028660855676439646,0.0,-0.0012953687821612573,0.0006092624356775404,0.0,0.0
sttl,2,DoS,4089.0,0.3361702127659575,-0.006651993152359981,0.7373440939104915,0.0004891171435558617,0.07478847438899118,0.010100298621960832,0.22205918317437023,0.0004891171435558866,-0.019191159786244617,0.005887173481524656,-0.00011810464226360304,0.0010963389293753264
sttl,2,Exploits,11132.0,0.4648580668343515,-0.0019403521379805833,0.6333632770391664,0.0006467840459935314,0.0613413481232419,0.0031219382948417932,0.10410480109346276,0.00035593986266903885,-0.005816129079328795,0.0019354248033676283,0.00020489718534716508,0.0010886709066398978
sttl,2,Fuzzers,6062.0,0.5952820851204222,-0.00042890135268887076,0.4676344440778621,0.00257340811613328,0.00672774251489404,0.0008379033387792933,0.047436617648431545,0.0011582639182805721,-0.0014691289718206048,0.0006113262664428634,0.0011354640690377038,0.004011352163228857
sttl,2,Generic,18871.0,0.9839860102803243,-0.0001907689046685368,0.7562397329235335,0.0035080281914047773,0.0045309009346855365,0.0003446476083198413,0.23641204768389149,0.004124723202669961,-0.0006186368274343013,0.00023709901809722768,-0.0016126710564842049,0.00862872743929376
sttl,2,Reconnaissance,3496.0,0.35943935926773457,-0.0009153318077803285,0.49874141876430206,0.000400457665903875,0.011572478543240528,0.0013925241927503665,0.0710061173874425,0.00025584301802055457,-0.0026441017727244645,0.0008134381571638076,8.283752860412417e-05,0.0007180778032036259
sttl,2,Shellcode,378.0,0.3941798941798942,0.0,0.47407407407407404,0.0021164021164021274,0.0,0.0,0.04968335671071753,0.0022133863135822135,0.0,0.0,-0.0006314393930382097,0.0048642436258424645
sttl,2,Worms,44.0,0.40909090909090906,0.0,0.4909090909090909,0.0,0.03936479108111087,0.0,0.09854310631217637,0.0,0.0,0.0,0.0,0.0
sttl,5,Analysis,677.0,0.7796159527326441,-0.000886262924667669,0.9441654357459379,0.0,0.013228131862474495,0.0013211627636631014,0.094767530885766,0.0,-0.0025264401772526093,0.0007539143279172712,0.0,0.0
sttl,5,Backdoor,583.0,0.9073756432246999,-0.0003430531732418585,0.9516295025728988,0.0,0.01414444468479475,0.0007670902152658074,0.028660855676439646,0.0,-0.0012953687821612573,0.0006092624356775404,0.0,0.0
sttl,5,DoS,4089.0,0.3361702127659575,-0.006651993152359981,0.7376375641966251,0.0007825874296893854,0.07478847438899118,0.010100298621960832,0.22208654619210644,0.0005301903494419053,-0.019191159786244617,0.005887173481524656,0.00012437469874352247,0.0014408001606352483
sttl,5,Exploits,11132.0,0.46482213438735176,-0.0019762845849802257,0.6339022637441609,0.0011857707509881354,0.06137439845285219,0.003093635529594409,0.10410776598015772,0.0004641757341992079,-0.005816924635537403,0.0018643554655769523,0.0006095128504668074,0.0017620286515094635
sttl,5,Fuzzers,6062.0,0.5952820851204222,-0.00042890135268887076,0.4676344440778621,0.00257340811613328,0.00672774251489404,0.0008379033387792933,0.047436617648431545,0.0011582639182805721,-0.0014691289718206048,0.0006113262664428634,0.0011354640690377038,0.004011352163228857
sttl,5,Generic,18871.0,0.9839860102803243,-0.0001907689046685368,0.7562609294684967,0.0035292247363679754,0.0045309009346855365,0.0003446476083198413,0.2364200877143753,0.004116579682131329,-0.0006186368274343013,0.00023709901809722768,-0.001581364616275104,0.008639814089011055
sttl,5,Reconnaissance,3496.0,0.35943935926773457,-0.0009153318077803285,0.49874141876430206,0.000400457665903875,0.011572478543240528,0.0013925241927503665,0.0710061173874425,0.00025584301802055457,-0.0026441017727244645,0.0008134381571638076,8.283752860412417e-05,0.0007180778032036259
sttl,5,Shellcode,378.0,0.3941798941798942,0.0,0.47407407407407404,0.0021164021164021274,0.0,0.0,0.04968335671071753,0.0022133863135822135,0.0,0.0,-0.0006314393930382097,0.0048642436258424645
sttl,5,Worms,44.0,0.40909090909090906,0.0,0.4909090909090909,0.0,0.03936479108111087,0.0,0.09854310631217637,0.0,0.0,0.0,0.0,0.0
sttl,10,Analysis,677.0,0.7796159527326441,-0.000886262924667669,0.9447562776957165,0.0005908419497784534,0.013228131862474495,0.0013211627636631014,0.09504455389715039,0.0008090436595349836,-0.0025264401772526093,0.0007539143279172712,-0.00041355738935985127,0.001595241288916758
sttl,10,Backdoor,583.0,0.9073756432246999,-0.0003430531732418585,0.9516295025728988,0.0,0.01414444468479475,0.0007670902152658074,0.028660855676439646,0.0,-0.0012953687821612573,0.0006092624356775404,0.0,0.0
sttl,10,DoS,4089.0,0.3361702127659575,-0.006651993152359981,0.738126681340181,0.0012717045732452913,0.07478847438899118,0.010100298621960832,0.22236483263875345,0.0006786224957452494,-0.019191159786244617,0.005887173481524656,0.00042921853653043063,0.002114190609960152
sttl,10,Exploits,11132.0,0.46482213438735176,-0.0019762845849802257,0.6347826086956522,0.0020661157024793432,0.06137439845285219,0.003093635529594409,0.1045242782538723,0.0010872905530821466,-0.005816924635537403,0.0018643554655769523,0.0007162826000300586,0.003415948804928628
sttl,10,Fuzzers,6062.0,0.5952820851204222,-0.00042890135268887076,0.4676344440778621,0.00257340811613328,0.00672774251489404,0.0008379033387792933,0.047436617648431545,0.0011582639182805721,-0.0014691289718206048,0.0006113262664428634,0.0011354640690377038,0.004011352163228857
sttl,10,Generic,18871.0,0.9839860102803243,-0.0001907689046685368,0.7562821260134598,0.003550421281331151,0.0045309009346855365,0.0003446476083198413,0.23642684236391537,0.004113577170277204,-0.0006186368274343013,0.00023709901809722768,-0.0015564405581097703,0.008657283120772071
sttl,10,Reconnaissance,3496.0,0.35943935926773457,-0.0009153318077803285,0.49874141876430206,0.000400457665903875,0.011572478543240528,0.0013925241927503665,0.0710061173874425,0.00025584301802055457,-0.0026441017727244645,0.0008134381571638076,8.283752860412417e-05,0.0007180778032036259
sttl,10,Shellcode,378.0,0.3941798941798942,0.0,0.47407407407407404,0.0021164021164021274,0.0,0.0,0.04968335671071753,0.0022133863135822135,0.0,0.0,-0.0006314393930382097,0.0048642436258424645
sttl,10,Worms,44.0,0.40909090909090906,0.0,0.4909090909090909,0.0,0.03936479108111087,0.0,0.09854310631217637,0.0,0.0,0.0,0.0,0.0
sttl,15,Analysis,677.0,0.7796159527326441,-0.000886262924667669,0.9447562776957165,0.0005908419497784534,0.013228131862474495,0.0013211627636631014,0.09504455389715039,0.0008090436595349836,-0.0025264401772526093,0.0007539143279172712,-0.00041355738935985127,0.001595241288916758
sttl,15,Backdoor,583.0,0.9073756432246999,-0.0003430531732418585,0.9516295025728988,0.0,0.01414444468479475,0.0007670902152658074,0.028660855676439646,0.0,-0.0012953687821612573,0.0006092624356775404,0.0,0.0
sttl,15,DoS,4089.0,0.3361702127659575,-0.006651993152359981,0.7383712399119589,0.0015162631450232333,0.07478847438899118,0.010100298621960832,0.22250189653785868,0.0008542063681376,-0.019191159786244617,0.005887173481524656,0.00045579588650930905,0.002576730403537158
sttl,15,Exploits,11132.0,0.46482213438735176,-0.0019762845849802257,0.6354473589651455,0.002730865971972718,0.06137439845285219,0.003093635529594409,0.10447238082503887,0.0013794269377006797,-0.005816924635537403,0.0018643554655769523,0.001018355789997516,0.004443376153947919
sttl,15,Fuzzers,6062.0,0.5952820851204222,-0.00042890135268887076,0.4676344440778621,0.00257340811613328,0.00672774251489404,0.0008379033387792933,0.047436617648431545,0.0011582639182805721,-0.0014691289718206048,0.0006113262664428634,0.0011354640690377038,0.004011352163228857
sttl,15,Generic,18871.0,0.9839860102803243,-0.0001907689046685368,0.7563033225584229,0.0035716178262943264,0.0045309009346855365,0.0003446476083198413,0.23638617733630216,0.004090576225681164,-0.0006186368274343013,0.00023709901809722768,-0.001506689146818247,0.0086499247994069
sttl,15,Reconnaissance,3496.0,0.35943935926773457,-0.0009153318077803285,0.49874141876430206,0.000400457665903875,0.011572478543240528,0.0013925241927503665,0.0710061173874425,0.00025584301802055457,-0.0026441017727244645,0.0008134381571638076,8.283752860412417e-05,0.0007180778032036259
sttl,15,Shellcode,378.0,0.3941798941798942,0.0,0.47407407407407404,0.0021164021164021274,0.0,0.0,0.04968335671071753,0.0022133863135822135,0.0,0.0,-0.0006314393930382097,0.0048642436258424645
sttl,15,Worms,44.0,0.40909090909090906,0.0,0.4909090909090909,0.0,0.03936479108111087,0.0,0.09854310631217637,0.0,0.0,0.0,0.0,0.0
