Seed,TTL Feature,Perturbation (%),Attack Category,Samples,RF TPR,MLP TPR
42,sttl,-15,Analysis,677,0.7769571639586411,0.9896602658788775
42,sttl,-15,Backdoor,583,0.902229845626072,0.9622641509433962
42,sttl,-15,DoS,4089,0.25874296894106136,0.8185375397407679
42,sttl,-15,Exploits,11132,0.3779195113187208,0.6377111031261229
42,sttl,-15,Fuzzers,6062,0.5917189046519301,0.43615968327284727
42,sttl,-15,Generic,18871,0.9760479041916168,0.5322982353876318
42,sttl,-15,Reconnaissance,3496,0.3489702517162471,0.4782608695652174
42,sttl,-15,Shellcode,378,0.3941798941798942,0.48148148148148145
42,sttl,-15,Worms,44,0.38636363636363635,0.45454545454545453
42,sttl,-10,Analysis,677,0.7769571639586411,0.9896602658788775
42,sttl,-10,Backdoor,583,0.902229845626072,0.9622641509433962
42,sttl,-10,DoS,4089,0.25874296894106136,0.8219613597456591
42,sttl,-10,Exploits,11132,0.3779195113187208,0.6411246855910887
42,sttl,-10,Fuzzers,6062,0.5917189046519301,0.4519960409105906
42,sttl,-10,Generic,18871,0.9760479041916168,0.5698691113348524
42,sttl,-10,Reconnaissance,3496,0.3489702517162471,0.505720823798627
42,sttl,-10,Shellcode,378,0.3941798941798942,0.49206349206349204
42,sttl,-10,Worms,44,0.38636363636363635,0.45454545454545453
42,sttl,-5,Analysis,677,0.7769571639586411,0.9926144756277696
42,sttl,-5,Backdoor,583,0.902229845626072,0.9656946826758147
42,sttl,-5,DoS,4089,0.25874296894106136,0.8244069454634385
42,sttl,-5,Exploits,11132,0.3779195113187208,0.6447179302910528
42,sttl,-5,Fuzzers,6062,0.5917189046519301,0.4722863741339492
42,sttl,-5,Generic,18871,0.9760479041916168,0.6108314344761804
42,sttl,-5,Reconnaissance,3496,0.3489702517162471,0.5208810068649885
42,sttl,-5,Shellcode,378,0.3941798941798942,0.5026455026455027
42,sttl,-5,Worms,44,0.38636363636363635,0.45454545454545453
42,sttl,-2,Analysis,677,0.7769571639586411,0.9926144756277696
42,sttl,-2,Backdoor,583,0.902229845626072,0.9656946826758147
42,sttl,-2,DoS,4089,0.25874296894106136,0.8248960626069943
42,sttl,-2,Exploits,11132,0.3779195113187208,0.6466043837585339
42,sttl,-2,Fuzzers,6062,0.5917189046519301,0.48729792147806006
42,sttl,-2,Generic,18871,0.9760479041916168,0.6424142864713052
42,sttl,-2,Reconnaissance,3496,0.3489702517162471,0.5300343249427918
42,sttl,-2,Shellcode,378,0.3941798941798942,0.5079365079365079
42,sttl,-2,Worms,44,0.38636363636363635,0.4772727272727273
42,sttl,0,Analysis,677,0.7769571639586411,0.9926144756277696
42,sttl,0,Backdoor,583,0.902229845626072,0.9656946826758147
42,sttl,0,DoS,4089,0.27879677182685253,0.8256297383223282
42,sttl,0,Exploits,11132,0.41699604743083,0.647502694933525
42,sttl,0,Fuzzers,6062,0.592708677004289,0.49934015176509405
42,sttl,0,Generic,18871,0.9771607228021832,0.6614381855757512
42,sttl,0,Reconnaissance,3496,0.3504004576659039,0.5334668192219679
42,sttl,0,Shellcode,378,0.3941798941798942,0.5105820105820106
42,sttl,0,Worms,44,0.38636363636363635,0.4772727272727273
42,sttl,2,Analysis,677,0.7769571639586411,0.9926144756277696
42,sttl,2,Backdoor,583,0.902229845626072,0.9656946826758147
42,sttl,2,DoS,4089,0.27879677182685253,0.8256297383223282
42,sttl,2,Exploits,11132,0.41699604743083,0.6479518505210204
42,sttl,2,Fuzzers,6062,0.593038601121742,0.5021445067634444
42,sttl,2,Generic,18871,0.9771607228021832,0.6656774945683853
42,sttl,2,Reconnaissance,3496,0.3504004576659039,0.5334668192219679
42,sttl,2,Shellcode,378,0.3941798941798942,0.5132275132275133
42,sttl,2,Worms,44,0.38636363636363635,0.4772727272727273
42,sttl,5,Analysis,677,0.7769571639586411,0.9926144756277696
42,sttl,5,Backdoor,583,0.902229845626072,0.9656946826758147
42,sttl,5,DoS,4089,0.27879677182685253,0.826118855465884
42,sttl,5,Exploits,11132,0.41699604743083,0.648401006108516
42,sttl,5,Fuzzers,6062,0.593038601121742,0.5021445067634444
42,sttl,5,Generic,18871,0.9771607228021832,0.6657304859307933
42,sttl,5,Reconnaissance,3496,0.3504004576659039,0.5334668192219679
42,sttl,5,Shellcode,378,0.3941798941798942,0.5132275132275133
42,sttl,5,Worms,44,0.38636363636363635,0.4772727272727273
42,sttl,10,Analysis,677,0.7769571639586411,0.9926144756277696
42,sttl,10,Backdoor,583,0.902229845626072,0.9656946826758147
42,sttl,10,DoS,4089,0.27879677182685253,0.8270970897529959
42,sttl,10,Exploits,11132,0.41699604743083,0.6495688106360044
42,sttl,10,Fuzzers,6062,0.593038601121742,0.5021445067634444
42,sttl,10,Generic,18871,0.9771607228021832,0.6657304859307933
42,sttl,10,Reconnaissance,3496,0.3504004576659039,0.5334668192219679
42,sttl,10,Shellcode,378,0.3941798941798942,0.5132275132275133
42,sttl,10,Worms,44,0.38636363636363635,0.4772727272727273
42,sttl,15,Analysis,677,0.7769571639586411,0.9926144756277696
42,sttl,15,Backdoor,583,0.902229845626072,0.9656946826758147
42,sttl,15,DoS,4089,0.27879677182685253,0.8275862068965517
42,sttl,15,Exploits,11132,0.41699604743083,0.6497484728710026
42,sttl,15,Fuzzers,6062,0.593038601121742,0.5021445067634444
42,sttl,15,Generic,18871,0.9771607228021832,0.6657304859307933
42,sttl,15,Reconnaissance,3496,0.3504004576659039,0.5334668192219679
42,sttl,15,Shellcode,378,0.3941798941798942,0.5132275132275133
42,sttl,15,Worms,44,0.38636363636363635,0.4772727272727273
42,dttl,-15,Analysis,677,0.7769571639586411,0.9571639586410635
42,dttl,-15,Backdoor,583,0.902229845626072,0.9519725557461407
42,dttl,-15,DoS,4089,0.27879677182685253,0.7999510882856444
42,dttl,-15,Exploits,11132,0.41699604743083,0.5847107438016529
42,dttl,-15,Fuzzers,6062,0.592708677004289,0.3840316727152755
42,dttl,-15,Generic,18871,0.9771607228021832,0.6641937364209634
42,dttl,-15,Reconnaissance,3496,0.3504004576659039,0.44336384439359267
42,dttl,-15,Shellcode,378,0.3941798941798942,0.3968253968253968
42,dttl,-15,Worms,44,0.38636363636363635,0.38636363636363635
42,dttl,-10,Analysis,677,0.7769571639586411,0.9807976366322009
42,dttl,-10,Backdoor,583,0.902229845626072,0.9605488850771869
42,dttl,-10,DoS,4089,0.27879677182685253,0.8094888725849841
42,dttl,-10,Exploits,11132,0.41699604743083,0.6086956521739131
42,dttl,-10,Fuzzers,6062,0.592708677004289,0.4254371494556252
42,dttl,-10,Generic,18871,0.9771607228021832,0.6661014254676487
42,dttl,-10,Reconnaissance,3496,0.3504004576659039,0.4834096109839817
42,dttl,-10,Shellcode,378,0.3941798941798942,0.455026455026455
42,dttl,-10,Worms,44,0.38636363636363635,0.38636363636363635
42,dttl,-5,Analysis,677,0.7769571639586411,0.9896602658788775
42,dttl,-5,Backdoor,583,0.902229845626072,0.9639794168096055
42,dttl,-5,DoS,4089,0.27879677182685253,0.8173147468818782
42,dttl,-5,Exploits,11132,0.41699604743083,0.6277398490837226
42,dttl,-5,Fuzzers,6062,0.592708677004289,0.45694490267238536
42,dttl,-5,Generic,18871,0.9771607228021832,0.6674792008902549
42,dttl,-5,Reconnaissance,3496,0.3504004576659039,0.5071510297482837
42,dttl,-5,Shellcode,378,0.3941798941798942,0.48677248677248675
42,dttl,-5,Worms,44,0.38636363636363635,0.45454545454545453
42,dttl,-2,Analysis,677,0.7769571639586411,0.9911373707533235
42,dttl,-2,Backdoor,583,0.902229845626072,0.9656946826758147
42,dttl,-2,DoS,4089,0.27879677182685253,0.8229395940327708
42,dttl,-2,Exploits,11132,0.41699604743083,0.6399568810636004
42,dttl,-2,Fuzzers,6062,0.592708677004289,0.48003959089409437
42,dttl,-2,Generic,18871,0.9771607228021832,0.6682210799639658
42,dttl,-2,Reconnaissance,3496,0.3504004576659039,0.5251716247139588
42,dttl,-2,Shellcode,378,0.3941798941798942,0.5079365079365079
42,dttl,-2,Worms,44,0.38636363636363635,0.4772727272727273
42,dttl,0,Analysis,677,0.7769571639586411,0.9926144756277696
42,dttl,0,Backdoor,583,0.902229845626072,0.9656946826758147
42,dttl,0,DoS,4089,0.27879677182685253,0.8256297383223282
42,dttl,0,Exploits,11132,0.41699604743083,0.647502694933525
42,dttl,0,Fuzzers,6062,0.592708677004289,0.49934015176509405
42,dttl,0,Generic,18871,0.9771607228021832,0.6614381855757512
42,dttl,0,Reconnaissance,3496,0.3504004576659039,0.5334668192219679
42,dttl,0,Shellcode,378,0.3941798941798942,0.5105820105820106
42,dttl,0,Worms,44,0.38636363636363635,0.4772727272727273
42,dttl,2,Analysis,677,0.7769571639586411,0.9926144756277696
42,dttl,2,Backdoor,583,0.902229845626072,0.9656946826758147
42,dttl,2,DoS,4089,0.27855221325507457,0.8278307654683297
42,dttl,2,Exploits,11132,0.4152892561983471,0.6520840819259791
42,dttl,2,Fuzzers,6062,0.592708677004289,0.5161662817551963
42,dttl,2,Generic,18871,0.9771077314397754,0.6689629590376769
42,dttl,2,Reconnaissance,3496,0.3501144164759725,0.5380434782608695
42,dttl,2,Shellcode,378,0.3941798941798942,0.5264550264550265
42,dttl,2,Worms,44,0.38636363636363635,0.4772727272727273
42,dttl,5,Analysis,677,0.7769571639586411,0.9926144756277696
42,dttl,5,Backdoor,583,0.902229845626072,0.9656946826758147
42,dttl,5,DoS,4089,0.27855221325507457,0.8278307654683297
42,dttl,5,Exploits,11132,0.4152892561983471,0.6520840819259791
42,dttl,5,Fuzzers,6062,0.592708677004289,0.5161662817551963
42,dttl,5,Generic,18871,0.9771077314397754,0.6689629590376769
42,dttl,5,Reconnaissance,3496,0.3501144164759725,0.5380434782608695
42,dttl,5,Shellcode,378,0.3941798941798942,0.5264550264550265
42,dttl,5,Worms,44,0.38636363636363635,0.4772727272727273
42,dttl,10,Analysis,677,0.7769571639586411,0.9926144756277696
42,dttl,10,Backdoor,583,0.902229845626072,0.9656946826758147
42,dttl,10,DoS,4089,0.27855221325507457,0.8278307654683297
42,dttl,10,Exploits,11132,0.4152892561983471,0.6520840819259791
42,dttl,10,Fuzzers,6062,0.592708677004289,0.5161662817551963
42,dttl,10,Generic,18871,0.9771077314397754,0.6689629590376769
42,dttl,10,Reconnaissance,3496,0.3501144164759725,0.5380434782608695
42,dttl,10,Shellcode,378,0.3941798941798942,0.5264550264550265
42,dttl,10,Worms,44,0.38636363636363635,0.4772727272727273
42,dttl,15,Analysis,677,0.7769571639586411,0.9926144756277696
42,dttl,15,Backdoor,583,0.902229845626072,0.9656946826758147
42,dttl,15,DoS,4089,0.27855221325507457,0.8278307654683297
42,dttl,15,Exploits,11132,0.4152892561983471,0.6520840819259791
42,dttl,15,Fuzzers,6062,0.592708677004289,0.5161662817551963
42,dttl,15,Generic,18871,0.9771077314397754,0.6689629590376769
42,dttl,15,Reconnaissance,3496,0.3501144164759725,0.5380434782608695
42,dttl,15,Shellcode,378,0.3941798941798942,0.5264550264550265
42,dttl,15,Worms,44,0.38636363636363635,0.4772727272727273
123,sttl,-15,Analysis,677,0.7769571639586411,0.9940915805022157
123,sttl,-15,Backdoor,583,0.9108061749571184,0.9639794168096055
123,sttl,-15,DoS,4089,0.38248960626069944,0.8202494497432135
123,sttl,-15,Exploits,11132,0.42768595041322316,0.6426518145885735
123,sttl,-15,Fuzzers,6062,0.6001319696469812,0.4625536126690861
123,sttl,-15,Generic,18871,0.9856923321498595,0.5943511207673149
123,sttl,-15,Reconnaissance,3496,0.3687070938215103,0.4653890160183066
123,sttl,-15,Shellcode,378,0.3941798941798942,0.4523809523809524
123,sttl,-15,Worms,44,0.38636363636363635,0.36363636363636365
123,sttl,-10,Analysis,677,0.7769571639586411,0.9940915805022157
123,sttl,-10,Backdoor,583,0.9108061749571184,0.9639794168096055
123,sttl,-10,DoS,4089,0.38248960626069944,0.8217168011738811
123,sttl,-10,Exploits,11132,0.42768595041322316,0.6447179302910528
123,sttl,-10,Fuzzers,6062,0.6001319696469812,0.48201913559881227
123,sttl,-10,Generic,18871,0.9856923321498595,0.680568067405013
123,sttl,-10,Reconnaissance,3496,0.3687070938215103,0.4874141876430206
123,sttl,-10,Shellcode,378,0.3941798941798942,0.47883597883597884
123,sttl,-10,Worms,44,0.38636363636363635,0.4090909090909091
123,sttl,-5,Analysis,677,0.7769571639586411,0.9940915805022157
123,sttl,-5,Backdoor,583,0.9108061749571184,0.9656946826758147
123,sttl,-5,DoS,4089,0.38248960626069944,0.8234287111763268
123,sttl,-5,Exploits,11132,0.42768595041322316,0.6473230326985268
123,sttl,-5,Fuzzers,6062,0.6001319696469812,0.5016496205872649
123,sttl,-5,Generic,18871,0.9856923321498595,0.7555508452122304
123,sttl,-5,Reconnaissance,3496,0.3687070938215103,0.511441647597254
123,sttl,-5,Shellcode,378,0.3941798941798942,0.4973544973544973
123,sttl,-5,Worms,44,0.38636363636363635,0.45454545454545453
123,sttl,-2,Analysis,677,0.7769571639586411,0.9940915805022157
123,sttl,-2,Backdoor,583,0.9108061749571184,0.9656946826758147
123,sttl,-2,DoS,4089,0.38248960626069944,0.8246515040352165
123,sttl,-2,Exploits,11132,0.42768595041322316,0.6488501616960115
123,sttl,-2,Fuzzers,6062,0.6001319696469812,0.5168261299901022
123,sttl,-2,Generic,18871,0.9856923321498595,0.7941285570452016
123,sttl,-2,Reconnaissance,3496,0.3687070938215103,0.5214530892448512
123,sttl,-2,Shellcode,378,0.3941798941798942,0.5
123,sttl,-2,Worms,44,0.38636363636363635,0.4772727272727273
123,sttl,0,Analysis,677,0.7991137370753324,0.9940915805022157
123,sttl,0,Backdoor,583,0.9193825042881647,0.9656946826758147
123,sttl,0,DoS,4089,0.46881878209831257,0.8248960626069943
123,sttl,0,Exploits,11132,0.5209306503772907,0.6493891484010061
123,sttl,0,Fuzzers,6062,0.6065654899373144,0.5257340811613329
123,sttl,0,Generic,18871,0.987547029834137,0.8134704043240951
123,sttl,0,Reconnaissance,3496,0.3801487414187643,0.5263157894736842
123,sttl,0,Shellcode,378,0.3941798941798942,0.5026455026455027
123,sttl,0,Worms,44,0.4090909090909091,0.4772727272727273
123,sttl,2,Analysis,677,0.7976366322008862,0.9940915805022157
123,sttl,2,Backdoor,583,0.9193825042881647,0.9656946826758147
123,sttl,2,DoS,4089,0.458791880655417,0.8251406211787723
123,sttl,2,Exploits,11132,0.5177865612648221,0.6497484728710026
123,sttl,2,Fuzzers,6062,0.605740679643682,0.5273837017485978
123,sttl,2,Generic,18871,0.987547029834137,0.816490911981347
123,sttl,2,Reconnaissance,3496,0.37871853546910755,0.5268878718535469
123,sttl,2,Shellcode,378,0.3941798941798942,0.5052910052910053
123,sttl,2,Worms,44,0.4090909090909091,0.4772727272727273
123,sttl,5,Analysis,677,0.7976366322008862,0.9940915805022157
123,sttl,5,Backdoor,583,0.9193825042881647,0.9656946826758147
123,sttl,5,DoS,4089,0.458791880655417,0.8253851797505503
123,sttl,5,Exploits,11132,0.5177865612648221,0.6504671218109953
123,sttl,5,Fuzzers,6062,0.605740679643682,0.5273837017485978
123,sttl,5,Generic,18871,0.987547029834137,0.816490911981347
123,sttl,5,Reconnaissance,3496,0.37871853546910755,0.5268878718535469
123,sttl,5,Shellcode,378,0.3941798941798942,0.5052910052910053
123,sttl,5,Worms,44,0.4090909090909091,0.4772727272727273
123,sttl,10,Analysis,677,0.7976366322008862,0.9940915805022157
123,sttl,10,Backdoor,583,0.9193825042881647,0.9656946826758147
123,sttl,10,DoS,4089,0.458791880655417,0.8256297383223282
123,sttl,10,Exploits,11132,0.5177865612648221,0.6507366151634927
123,sttl,10,Fuzzers,6062,0.605740679643682,0.5273837017485978
123,sttl,10,Generic,18871,0.987547029834137,0.8165968947061629
123,sttl,10,Reconnaissance,3496,0.37871853546910755,0.5268878718535469
123,sttl,10,Shellcode,378,0.3941798941798942,0.5052910052910053
123,sttl,10,Worms,44,0.4090909090909091,0.4772727272727273
123,sttl,15,Analysis,677,0.7976366322008862,0.9940915805022157
123,sttl,15,Backdoor,583,0.9193825042881647,0.9656946826758147
123,sttl,15,DoS,4089,0.458791880655417,0.8258742968941062
123,sttl,15,Exploits,11132,0.5177865612648221,0.651904419690981
123,sttl,15,Fuzzers,6062,0.605740679643682,0.5273837017485978
123,sttl,15,Generic,18871,0.987547029834137,0.8165968947061629
123,sttl,15,Reconnaissance,3496,0.37871853546910755,0.5268878718535469
123,sttl,15,Shellcode,378,0.3941798941798942,0.5052910052910053
123,sttl,15,Worms,44,0.4090909090909091,0.4772727272727273
123,dttl,-15,Analysis,677,0.7991137370753324,0.9423929098966026
123,dttl,-15,Backdoor,583,0.9193825042881647,0.9382504288164666
123,dttl,-15,DoS,4089,0.46881878209831257,0.7940816825629738
123,dttl,-15,Exploits,11132,0.5209306503772907,0.5639597556593604
123,dttl,-15,Fuzzers,6062,0.6065654899373144,0.39194985153414713
123,dttl,-15,Generic,18871,0.987547029834137,0.8132054475120556
123,dttl,-15,Reconnaissance,3496,0.3801487414187643,0.41418764302059496
123,dttl,-15,Shellcode,378,0.3941798941798942,0.3835978835978836
123,dttl,-15,Worms,44,0.4090909090909091,0.2727272727272727
123,dttl,-10,Analysis,677,0.7991137370753324,0.9704579025110783
123,dttl,-10,Backdoor,583,0.9193825042881647,0.9536878216123499
123,dttl,-10,DoS,4089,0.46881878209831257,0.8041085840058694
123,dttl,-10,Exploits,11132,0.5209306503772907,0.5962091268415379
123,dttl,-10,Fuzzers,6062,0.6065654899373144,0.43335532827449685
123,dttl,-10,Generic,18871,0.987547029834137,0.8147421970218854
123,dttl,-10,Reconnaissance,3496,0.3801487414187643,0.4633867276887872
123,dttl,-10,Shellcode,378,0.3941798941798942,0.43915343915343913
123,dttl,-10,Worms,44,0.4090909090909091,0.3181818181818182
123,dttl,-5,Analysis,677,0.7991137370753324,0.9881831610044313
123,dttl,-5,Backdoor,583,0.9193825042881647,0.9622641509433962
123,dttl,-5,DoS,4089,0.46881878209831257,0.8121790168745414
123,dttl,-5,Exploits,11132,0.5209306503772907,0.6226194753862738
123,dttl,-5,Fuzzers,6062,0.6065654899373144,0.4666776641372484
123,dttl,-5,Generic,18871,0.987547029834137,0.8162789465317153
123,dttl,-5,Reconnaissance,3496,0.3801487414187643,0.4965675057208238
123,dttl,-5,Shellcode,378,0.3941798941798942,0.4656084656084656
123,dttl,-5,Worms,44,0.4090909090909091,0.36363636363636365
123,dttl,-2,Analysis,677,0.7991137370753324,0.9940915805022157
123,dttl,-2,Backdoor,583,0.9193825042881647,0.9639794168096055
123,dttl,-2,DoS,4089,0.46881878209831257,0.8212276840303253
123,dttl,-2,Exploits,11132,0.5209306503772907,0.6408551922385914
123,dttl,-2,Fuzzers,6062,0.6065654899373144,0.49818541735400856
123,dttl,-2,Generic,18871,0.987547029834137,0.8168088601557946
123,dttl,-2,Reconnaissance,3496,0.3801487414187643,0.5188787185354691
123,dttl,-2,Shellcode,378,0.3941798941798942,0.48677248677248675
123,dttl,-2,Worms,44,0.4090909090909091,0.4090909090909091
123,dttl,0,Analysis,677,0.7991137370753324,0.9940915805022157
123,dttl,0,Backdoor,583,0.9193825042881647,0.9656946826758147
123,dttl,0,DoS,4089,0.46881878209831257,0.8248960626069943
123,dttl,0,Exploits,11132,0.5209306503772907,0.6493891484010061
123,dttl,0,Fuzzers,6062,0.6065654899373144,0.5257340811613329
123,dttl,0,Generic,18871,0.987547029834137,0.8134704043240951
123,dttl,0,Reconnaissance,3496,0.3801487414187643,0.5263157894736842
123,dttl,0,Shellcode,378,0.3941798941798942,0.5026455026455027
123,dttl,0,Worms,44,0.4090909090909091,0.4772727272727273
123,dttl,2,Analysis,677,0.7991137370753324,0.9940915805022157
123,dttl,2,Backdoor,583,0.9193825042881647,0.9656946826758147
123,dttl,2,DoS,4089,0.46808510638297873,0.826363414037662
123,dttl,2,Exploits,11132,0.5189543657923105,0.6540603665109594
123,dttl,2,Fuzzers,6062,0.6065654899373144,0.5427251732101617
123,dttl,2,Generic,18871,0.9874940384717291,0.8176567219543215
123,dttl,2,Reconnaissance,3496,0.37986270022883295,0.532608695652174
123,dttl,2,Shellcode,378,0.3941798941798942,0.5158730158730159
123,dttl,2,Worms,44,0.38636363636363635,0.5
123,dttl,5,Analysis,677,0.7991137370753324,0.9940915805022157
123,dttl,5,Backdoor,583,0.9193825042881647,0.9656946826758147
123,dttl,5,DoS,4089,0.46808510638297873,0.826363414037662
123,dttl,5,Exploits,11132,0.5189543657923105,0.6540603665109594
123,dttl,5,Fuzzers,6062,0.6065654899373144,0.5427251732101617
123,dttl,5,Generic,18871,0.9874940384717291,0.8176567219543215
123,dttl,5,Reconnaissance,3496,0.37986270022883295,0.532608695652174
123,dttl,5,Shellcode,378,0.3941798941798942,0.5158730158730159
123,dttl,5,Worms,44,0.38636363636363635,0.5
123,dttl,10,Analysis,677,0.7991137370753324,0.9940915805022157
123,dttl,10,Backdoor,583,0.9193825042881647,0.9656946826758147
123,dttl,10,DoS,4089,0.46808510638297873,0.826363414037662
123,dttl,10,Exploits,11132,0.5189543657923105,0.6540603665109594
123,dttl,10,Fuzzers,6062,0.6065654899373144,0.5427251732101617
123,dttl,10,Generic,18871,0.9874940384717291,0.8176567219543215
123,dttl,10,Reconnaissance,3496,0.37986270022883295,0.532608695652174
123,dttl,10,Shellcode,378,0.3941798941798942,0.5158730158730159
123,dttl,10,Worms,44,0.38636363636363635,0.5
123,dttl,15,Analysis,677,0.7991137370753324,0.9940915805022157
123,dttl,15,Backdoor,583,0.9193825042881647,0.9656946826758147
123,dttl,15,DoS,4089,0.46808510638297873,0.826363414037662
123,dttl,15,Exploits,11132,0.5189543657923105,0.6540603665109594
123,dttl,15,Fuzzers,6062,0.6065654899373144,0.5427251732101617
123,dttl,15,Generic,18871,0.9874940384717291,0.8176567219543215
123,dttl,15,Reconnaissance,3496,0.37986270022883295,0.532608695652174
123,dttl,15,Shellcode,378,0.3941798941798942,0.5158730158730159
123,dttl,15,Worms,44,0.38636363636363635,0.5
2026,sttl,-15,Analysis,677,0.7828655834564254,0.7725258493353028
2026,sttl,-15,Backdoor,583,0.9125214408233276,0.8987993138936535
2026,sttl,-15,DoS,4089,0.32452922474932744,0.30276351186109074
2026,sttl,-15,Exploits,11132,0.42184692777578153,0.44035213798059647
2026,sttl,-15,Fuzzers,6062,0.5965028043549984,0.4320356318046849
2026,sttl,-15,Generic,18871,0.9870171162100577,0.39303693497959835
2026,sttl,-15,Reconnaissance,3496,0.35697940503432496,0.34639588100686497
2026,sttl,-15,Shellcode,378,0.3941798941798942,0.3888888888888889
2026,sttl,-15,Worms,44,0.4772727272727273,0.3409090909090909
2026,sttl,-10,Analysis,677,0.7828655834564254,0.7725258493353028
2026,sttl,-10,Backdoor,583,0.9125214408233276,0.8970840480274442
2026,sttl,-10,DoS,4089,0.32452922474932744,0.3132795304475422
2026,sttl,-10,Exploits,11132,0.42184692777578153,0.44466403162055335
2026,sttl,-10,Fuzzers,6062,0.5965028043549984,0.4376443418013857
2026,sttl,-10,Generic,18871,0.9870171162100577,0.3929839436171904
2026,sttl,-10,Reconnaissance,3496,0.35697940503432496,0.35812356979405036
2026,sttl,-10,Shellcode,378,0.3941798941798942,0.3968253968253968
2026,sttl,-10,Worms,44,0.4772727272727273,0.3409090909090909
2026,sttl,-5,Analysis,677,0.7828655834564254,0.7740029542097489
2026,sttl,-5,Backdoor,583,0.9125214408233276,0.8987993138936535
2026,sttl,-5,DoS,4089,0.32452922474932744,0.3262411347517731
2026,sttl,-5,Exploits,11132,0.42184692777578153,0.44933524973050665
2026,sttl,-5,Fuzzers,6062,0.5965028043549984,0.4440778620917189
2026,sttl,-5,Generic,18871,0.9870171162100577,0.39303693497959835
2026,sttl,-5,Reconnaissance,3496,0.35697940503432496,0.3647025171624714
2026,sttl,-5,Shellcode,378,0.3941798941798942,0.3941798941798942
2026,sttl,-5,Worms,44,0.4772727272727273,0.3409090909090909
2026,sttl,-2,Analysis,677,0.7828655834564254,0.7740029542097489
2026,sttl,-2,Backdoor,583,0.9125214408233276,0.9005145797598628
2026,sttl,-2,DoS,4089,0.32452922474932744,0.3343115676204451
2026,sttl,-2,Exploits,11132,0.42184692777578153,0.4514911965504851
2026,sttl,-2,Fuzzers,6062,0.5965028043549984,0.4519960409105906
2026,sttl,-2,Generic,18871,0.9870171162100577,0.39346086587886175
2026,sttl,-2,Reconnaissance,3496,0.35697940503432496,0.3687070938215103
2026,sttl,-2,Shellcode,378,0.3941798941798942,0.3888888888888889
2026,sttl,-2,Worms,44,0.4772727272727273,0.3409090909090909
2026,sttl,0,Analysis,677,0.7858197932053176,0.7754800590841949
2026,sttl,0,Backdoor,583,0.9193825042881647,0.9005145797598628
2026,sttl,0,DoS,4089,0.3763756419662509,0.33944729762778186
2026,sttl,0,Exploits,11132,0.5514732303269853,0.45427596119295727
2026,sttl,0,Fuzzers,6062,0.5983173870009898,0.4577697129660178
2026,sttl,0,Generic,18871,0.9884478829950718,0.39346086587886175
2026,sttl,0,Reconnaissance,3496,0.3641304347826087,0.3715675057208238
2026,sttl,0,Shellcode,378,0.3941798941798942,0.3888888888888889
2026,sttl,0,Worms,44,0.4772727272727273,0.3409090909090909
2026,sttl,2,Analysis,677,0.7828655834564254,0.7754800590841949
2026,sttl,2,Backdoor,583,0.9176672384219554,0.9005145797598628
2026,sttl,2,DoS,4089,0.3533871362191245,0.3406700904866716
2026,sttl,2,Exploits,11132,0.5445562342795545,0.4553539346029465
2026,sttl,2,Fuzzers,6062,0.5966677664137249,0.45941933355328274
2026,sttl,2,Generic,18871,0.988288908907848,0.3934078745164538
2026,sttl,2,Reconnaissance,3496,0.3609839816933638,0.3721395881006865
2026,sttl,2,Shellcode,378,0.3941798941798942,0.3888888888888889
2026,sttl,2,Worms,44,0.4772727272727273,0.3409090909090909
2026,sttl,5,Analysis,677,0.7828655834564254,0.7754800590841949
2026,sttl,5,Backdoor,583,0.9176672384219554,0.9005145797598628
2026,sttl,5,DoS,4089,0.3533871362191245,0.3409146490584495
2026,sttl,5,Exploits,11132,0.5445562342795545,0.45589292130794107
2026,sttl,5,Fuzzers,6062,0.5966677664137249,0.45941933355328274
2026,sttl,5,Generic,18871,0.988288908907848,0.3934078745164538
2026,sttl,5,Reconnaissance,3496,0.3609839816933638,0.3721395881006865
2026,sttl,5,Shellcode,378,0.3941798941798942,0.3888888888888889
2026,sttl,5,Worms,44,0.4772727272727273,0.3409090909090909
2026,sttl,10,Analysis,677,0.7828655834564254,0.7754800590841949
2026,sttl,10,Backdoor,583,0.9176672384219554,0.9005145797598628
2026,sttl,10,DoS,4089,0.3533871362191245,0.3409146490584495
2026,sttl,10,Exploits,11132,0.5445562342795545,0.4562522457779375
2026,sttl,10,Fuzzers,6062,0.5966677664137249,0.45941933355328274
2026,sttl,10,Generic,18871,0.988288908907848,0.3934078745164538
2026,sttl,10,Reconnaissance,3496,0.3609839816933638,0.3721395881006865
2026,sttl,10,Shellcode,378,0.3941798941798942,0.3888888888888889
2026,sttl,10,Worms,44,0.4772727272727273,0.3409090909090909
2026,sttl,15,Analysis,677,0.7828655834564254,0.7754800590841949
2026,sttl,15,Backdoor,583,0.9176672384219554,0.9005145797598628
2026,sttl,15,DoS,4089,0.3533871362191245,0.3409146490584495
2026,sttl,15,Exploits,11132,0.5445562342795545,0.4570607258354294
2026,sttl,15,Fuzzers,6062,0.5966677664137249,0.45941933355328274
2026,sttl,15,Generic,18871,0.988288908907848,0.3935138572412697
2026,sttl,15,Reconnaissance,3496,0.3609839816933638,0.3721395881006865
2026,sttl,15,Shellcode,378,0.3941798941798942,0.3888888888888889
2026,sttl,15,Worms,44,0.4772727272727273,0.3409090909090909
2026,dttl,-15,Analysis,677,0.7858197932053176,0.7754800590841949
2026,dttl,-15,Backdoor,583,0.9193825042881647,0.8799313893653516
2026,dttl,-15,DoS,4089,0.3763756419662509,0.31841526045487895
2026,dttl,-15,Exploits,11132,0.5514732303269853,0.3795364714337046
2026,dttl,-15,Fuzzers,6062,0.5983173870009898,0.36407126360936987
2026,dttl,-15,Generic,18871,0.9884478829950718,0.38810873827566106
2026,dttl,-15,Reconnaissance,3496,0.3641304347826087,0.2877574370709382
2026,dttl,-15,Shellcode,378,0.3941798941798942,0.3201058201058201
2026,dttl,-15,Worms,44,0.4772727272727273,0.22727272727272727
2026,dttl,-10,Analysis,677,0.7858197932053176,0.7769571639586411
2026,dttl,-10,Backdoor,583,0.9193825042881647,0.8833619210977701
2026,dttl,-10,DoS,4089,0.3763756419662509,0.3252629004646613
2026,dttl,-10,Exploits,11132,0.5514732303269853,0.4061264822134387
2026,dttl,-10,Fuzzers,6062,0.5983173870009898,0.3932695480039591
2026,dttl,-10,Generic,18871,0.9884478829950718,0.38985745323512266
2026,dttl,-10,Reconnaissance,3496,0.3641304347826087,0.3100686498855835
2026,dttl,-10,Shellcode,378,0.3941798941798942,0.3439153439153439
2026,dttl,-10,Worms,44,0.4772727272727273,0.25
2026,dttl,-5,Analysis,677,0.7858197932053176,0.7769571639586411
2026,dttl,-5,Backdoor,583,0.9193825042881647,0.8936535162950258
2026,dttl,-5,DoS,4089,0.3763756419662509,0.3335778919051113
2026,dttl,-5,Exploits,11132,0.5514732303269853,0.4317283507006827
2026,dttl,-5,Fuzzers,6062,0.5983173870009898,0.41718904651930055
2026,dttl,-5,Generic,18871,0.9884478829950718,0.39150018546976845
2026,dttl,-5,Reconnaissance,3496,0.3641304347826087,0.33581235697940504
2026,dttl,-5,Shellcode,378,0.3941798941798942,0.35185185185185186
2026,dttl,-5,Worms,44,0.4772727272727273,0.29545454545454547
2026,dttl,-2,Analysis,677,0.7858197932053176,0.7769571639586411
2026,dttl,-2,Backdoor,583,0.9193825042881647,0.8987993138936535
2026,dttl,-2,DoS,4089,0.3763756419662509,0.3409146490584495
2026,dttl,-2,Exploits,11132,0.5514732303269853,0.4464606539705354
2026,dttl,-2,Fuzzers,6062,0.5983173870009898,0.4430880897393599
2026,dttl,-2,Generic,18871,0.9884478829950718,0.39271898680515077
2026,dttl,-2,Reconnaissance,3496,0.3641304347826087,0.3609839816933638
2026,dttl,-2,Shellcode,378,0.3941798941798942,0.38095238095238093
2026,dttl,-2,Worms,44,0.4772727272727273,0.3409090909090909
2026,dttl,0,Analysis,677,0.7858197932053176,0.7754800590841949
2026,dttl,0,Backdoor,583,0.9193825042881647,0.9005145797598628
2026,dttl,0,DoS,4089,0.3763756419662509,0.33944729762778186
2026,dttl,0,Exploits,11132,0.5514732303269853,0.45427596119295727
2026,dttl,0,Fuzzers,6062,0.5983173870009898,0.4577697129660178
2026,dttl,0,Generic,18871,0.9884478829950718,0.39346086587886175
2026,dttl,0,Reconnaissance,3496,0.3641304347826087,0.3715675057208238
2026,dttl,0,Shellcode,378,0.3941798941798942,0.3888888888888889
2026,dttl,0,Worms,44,0.4772727272727273,0.3409090909090909
2026,dttl,2,Analysis,677,0.7858197932053176,0.7769571639586411
2026,dttl,2,Backdoor,583,0.9193825042881647,0.9005145797598628
2026,dttl,2,DoS,4089,0.3763756419662509,0.34678405478112007
2026,dttl,2,Exploits,11132,0.5514732303269853,0.4626302551203737
2026,dttl,2,Fuzzers,6062,0.5983173870009898,0.4712966017815902
2026,dttl,2,Generic,18871,0.9884478829950718,0.39377881405330933
2026,dttl,2,Reconnaissance,3496,0.3641304347826087,0.3824370709382151
2026,dttl,2,Shellcode,378,0.3941798941798942,0.4021164021164021
2026,dttl,2,Worms,44,0.4772727272727273,0.38636363636363635
2026,dttl,5,Analysis,677,0.7858197932053176,0.7769571639586411
2026,dttl,5,Backdoor,583,0.9193825042881647,0.9005145797598628
2026,dttl,5,DoS,4089,0.3763756419662509,0.34678405478112007
2026,dttl,5,Exploits,11132,0.5514732303269853,0.4626302551203737
2026,dttl,5,Fuzzers,6062,0.5983173870009898,0.4712966017815902
2026,dttl,5,Generic,18871,0.9884478829950718,0.39377881405330933
2026,dttl,5,Reconnaissance,3496,0.3641304347826087,0.3824370709382151
2026,dttl,5,Shellcode,378,0.3941798941798942,0.4021164021164021
2026,dttl,5,Worms,44,0.4772727272727273,0.38636363636363635
2026,dttl,10,Analysis,677,0.7858197932053176,0.7769571639586411
2026,dttl,10,Backdoor,583,0.9193825042881647,0.9005145797598628
2026,dttl,10,DoS,4089,0.3763756419662509,0.34678405478112007
2026,dttl,10,Exploits,11132,0.5514732303269853,0.4626302551203737
2026,dttl,10,Fuzzers,6062,0.5983173870009898,0.4712966017815902
2026,dttl,10,Generic,18871,0.9884478829950718,0.39377881405330933
2026,dttl,10,Reconnaissance,3496,0.3641304347826087,0.3824370709382151
2026,dttl,10,Shellcode,378,0.3941798941798942,0.4021164021164021
2026,dttl,10,Worms,44,0.4772727272727273,0.38636363636363635
2026,dttl,15,Analysis,677,0.7858197932053176,0.7769571639586411
2026,dttl,15,Backdoor,583,0.9193825042881647,0.9005145797598628
2026,dttl,15,DoS,4089,0.3763756419662509,0.34678405478112007
2026,dttl,15,Exploits,11132,0.5514732303269853,0.4626302551203737
2026,dttl,15,Fuzzers,6062,0.5983173870009898,0.4712966017815902
2026,dttl,15,Generic,18871,0.9884478829950718,0.3938318054157172
2026,dttl,15,Reconnaissance,3496,0.3641304347826087,0.3824370709382151
2026,dttl,15,Shellcode,378,0.3941798941798942,0.4021164021164021
2026,dttl,15,Worms,44,0.4772727272727273,0.38636363636363635
7,sttl,-15,Analysis,677,0.7562776957163959,0.9689807976366323
7,sttl,-15,Backdoor,583,0.8782161234991424,0.9554030874785592
7,sttl,-15,DoS,4089,0.25434091464905845,0.8334556126192223
7,sttl,-15,Exploits,11132,0.3776500179662235,0.6812791951131872
7,sttl,-15,Fuzzers,6062,0.5851204223028703,0.31111844275816564
7,sttl,-15,Generic,18871,0.9823538763181602,0.44761803825976365
7,sttl,-15,Reconnaissance,3496,0.3469679633867277,0.47110983981693366
7,sttl,-15,Shellcode,378,0.3941798941798942,0.4470899470899471
7,sttl,-15,Worms,44,0.38636363636363635,0.4318181818181818
7,sttl,-10,Analysis,677,0.7562776957163959,0.9689807976366323
7,sttl,-10,Backdoor,583,0.8782161234991424,0.9588336192109777
7,sttl,-10,DoS,4089,0.25434091464905845,0.8366348740523355
7,sttl,-10,Exploits,11132,0.3776500179662235,0.6862199065756378
7,sttl,-10,Fuzzers,6062,0.5851204223028703,0.3322335862751567
7,sttl,-10,Generic,18871,0.9823538763181602,0.5933972762439722
7,sttl,-10,Reconnaissance,3496,0.3469679633867277,0.48941647597254007
7,sttl,-10,Shellcode,378,0.3941798941798942,0.4576719576719577
7,sttl,-10,Worms,44,0.38636363636363635,0.5454545454545454
7,sttl,-5,Analysis,677,0.7562776957163959,0.9704579025110783
7,sttl,-5,Backdoor,583,0.8782161234991424,0.9588336192109777
7,sttl,-5,DoS,4089,0.25434091464905845,0.8390804597701149
7,sttl,-5,Exploits,11132,0.3776500179662235,0.6895436579231046
7,sttl,-5,Fuzzers,6062,0.5851204223028703,0.3667106565489937
7,sttl,-5,Generic,18871,0.9823538763181602,0.7437337713952625
7,sttl,-5,Reconnaissance,3496,0.3469679633867277,0.5080091533180778
7,sttl,-5,Shellcode,378,0.3941798941798942,0.4708994708994709
7,sttl,-5,Worms,44,0.38636363636363635,0.5681818181818182
7,sttl,-2,Analysis,677,0.7562776957163959,0.9704579025110783
7,sttl,-2,Backdoor,583,0.8782161234991424,0.9588336192109777
7,sttl,-2,DoS,4089,0.25434091464905845,0.8405478112007826
7,sttl,-2,Exploits,11132,0.3776500179662235,0.691609773625584
7,sttl,-2,Fuzzers,6062,0.5851204223028703,0.39260969976905313
7,sttl,-2,Generic,18871,0.9823538763181602,0.8469609453659054
7,sttl,-2,Reconnaissance,3496,0.3469679633867277,0.5188787185354691
7,sttl,-2,Shellcode,378,0.3941798941798942,0.47883597883597884
7,sttl,-2,Worms,44,0.38636363636363635,0.5909090909090909
7,sttl,0,Analysis,677,0.7607090103397341,0.9704579025110783
7,sttl,0,Backdoor,583,0.8850771869639794,0.9605488850771869
7,sttl,0,DoS,4089,0.2822205918317437,0.8420151626314503
7,sttl,0,Exploits,11132,0.4196909809558031,0.6928674092705713
7,sttl,0,Fuzzers,6062,0.5877598152424942,0.406961398878258
7,sttl,0,Generic,18871,0.9828837899422395,0.9052514440146257
7,sttl,0,Reconnaissance,3496,0.3512585812356979,0.522883295194508
7,sttl,0,Shellcode,378,0.3941798941798942,0.48148148148148145
7,sttl,0,Worms,44,0.38636363636363635,0.5909090909090909
7,sttl,2,Analysis,677,0.7607090103397341,0.9704579025110783
7,sttl,2,Backdoor,583,0.8850771869639794,0.9605488850771869
7,sttl,2,DoS,4089,0.2817314746881878,0.8422597212032281
7,sttl,2,Exploits,11132,0.4197808120733022,0.6932267337405678
7,sttl,2,Fuzzers,6062,0.5874298911250413,0.4092708677004289
7,sttl,2,Generic,18871,0.9820889195061205,0.9153727942345398
7,sttl,2,Reconnaissance,3496,0.3512585812356979,0.5231693363844394
7,sttl,2,Shellcode,378,0.3941798941798942,0.48148148148148145
7,sttl,2,Worms,44,0.38636363636363635,0.5909090909090909
7,sttl,5,Analysis,677,0.7607090103397341,0.9704579025110783
7,sttl,5,Backdoor,583,0.8850771869639794,0.9605488850771869
7,sttl,5,DoS,4089,0.2817314746881878,0.8422597212032281
7,sttl,5,Exploits,11132,0.419601149838304,0.693496227093065
7,sttl,5,Fuzzers,6062,0.5874298911250413,0.4092708677004289
7,sttl,5,Generic,18871,0.9820889195061205,0.9153727942345398
7,sttl,5,Reconnaissance,3496,0.3512585812356979,0.5231693363844394
7,sttl,5,Shellcode,378,0.3941798941798942,0.48148148148148145
7,sttl,5,Worms,44,0.38636363636363635,0.5909090909090909
7,sttl,10,Analysis,677,0.7607090103397341,0.9719350073855244
7,sttl,10,Backdoor,583,0.8850771869639794,0.9605488850771869
7,sttl,10,DoS,4089,0.2817314746881878,0.8425042797750061
7,sttl,10,Exploits,11132,0.419601149838304,0.6939453826805605
7,sttl,10,Fuzzers,6062,0.5874298911250413,0.4092708677004289
7,sttl,10,Generic,18871,0.9820889195061205,0.9153727942345398
7,sttl,10,Reconnaissance,3496,0.3512585812356979,0.5231693363844394
7,sttl,10,Shellcode,378,0.3941798941798942,0.48148148148148145
7,sttl,10,Worms,44,0.38636363636363635,0.5909090909090909
7,sttl,15,Analysis,677,0.7607090103397341,0.9719350073855244
7,sttl,15,Backdoor,583,0.8850771869639794,0.9605488850771869
7,sttl,15,DoS,4089,0.2817314746881878,0.8425042797750061
7,sttl,15,Exploits,11132,0.419601149838304,0.6940352137980597
7,sttl,15,Fuzzers,6062,0.5874298911250413,0.4092708677004289
7,sttl,15,Generic,18871,0.9820889195061205,0.9153727942345398
7,sttl,15,Reconnaissance,3496,0.3512585812356979,0.5231693363844394
7,sttl,15,Shellcode,378,0.3941798941798942,0.48148148148148145
7,sttl,15,Worms,44,0.38636363636363635,0.5909090909090909
7,dttl,-15,Analysis,677,0.7607090103397341,0.9231905465288035
7,dttl,-15,Backdoor,583,0.8850771869639794,0.9416809605488851
7,dttl,-15,DoS,4089,0.2822205918317437,0.8080215211543165
7,dttl,-15,Exploits,11132,0.4196909809558031,0.6010600071864894
7,dttl,-15,Fuzzers,6062,0.5877598152424942,0.31326294952161005
7,dttl,-15,Generic,18871,0.9828837899422395,0.9074240898733507
7,dttl,-15,Reconnaissance,3496,0.3512585812356979,0.4181922196796339
7,dttl,-15,Shellcode,378,0.3941798941798942,0.373015873015873
7,dttl,-15,Worms,44,0.38636363636363635,0.3409090909090909
7,dttl,-10,Analysis,677,0.7607090103397341,0.9320531757754801
7,dttl,-10,Backdoor,583,0.8850771869639794,0.9502572898799314
7,dttl,-10,DoS,4089,0.2822205918317437,0.8187820983125459
7,dttl,-10,Exploits,11132,0.4196909809558031,0.6353754940711462
7,dttl,-10,Fuzzers,6062,0.5877598152424942,0.337347410095678
7,dttl,-10,Generic,18871,0.9828837899422395,0.9091728048328123
7,dttl,-10,Reconnaissance,3496,0.3512585812356979,0.4559496567505721
7,dttl,-10,Shellcode,378,0.3941798941798942,0.4021164021164021
7,dttl,-10,Worms,44,0.38636363636363635,0.45454545454545453
7,dttl,-5,Analysis,677,0.7607090103397341,0.9571639586410635
7,dttl,-5,Backdoor,583,0.8850771869639794,0.9554030874785592
7,dttl,-5,DoS,4089,0.2822205918317437,0.8314991440449988
7,dttl,-5,Exploits,11132,0.4196909809558031,0.662504491555875
7,dttl,-5,Fuzzers,6062,0.5877598152424942,0.3703398218409766
7,dttl,-5,Generic,18871,0.9828837899422395,0.9106035716178263
7,dttl,-5,Reconnaissance,3496,0.3512585812356979,0.4925629290617849
7,dttl,-5,Shellcode,378,0.3941798941798942,0.455026455026455
7,dttl,-5,Worms,44,0.38636363636363635,0.5454545454545454
7,dttl,-2,Analysis,677,0.7607090103397341,0.96602658788774
7,dttl,-2,Backdoor,583,0.8850771869639794,0.9588336192109777
7,dttl,-2,DoS,4089,0.2822205918317437,0.8373685497676694
7,dttl,-2,Exploits,11132,0.4196909809558031,0.6811893639956881
7,dttl,-2,Fuzzers,6062,0.5877598152424942,0.3939293962388651
7,dttl,-2,Generic,18871,0.9828837899422395,0.911504424778761
7,dttl,-2,Reconnaissance,3496,0.3512585812356979,0.5125858123569794
7,dttl,-2,Shellcode,378,0.3941798941798942,0.4708994708994709
7,dttl,-2,Worms,44,0.38636363636363635,0.5681818181818182
7,dttl,0,Analysis,677,0.7607090103397341,0.9704579025110783
7,dttl,0,Backdoor,583,0.8850771869639794,0.9605488850771869
7,dttl,0,DoS,4089,0.2822205918317437,0.8420151626314503
7,dttl,0,Exploits,11132,0.4196909809558031,0.6928674092705713
7,dttl,0,Fuzzers,6062,0.5877598152424942,0.406961398878258
7,dttl,0,Generic,18871,0.9828837899422395,0.9052514440146257
7,dttl,0,Reconnaissance,3496,0.3512585812356979,0.522883295194508
7,dttl,0,Shellcode,378,0.3941798941798942,0.48148148148148145
7,dttl,0,Worms,44,0.38636363636363635,0.5909090909090909
7,dttl,2,Analysis,677,0.7607090103397341,0.9734121122599705
7,dttl,2,Backdoor,583,0.8850771869639794,0.9622641509433962
7,dttl,2,DoS,4089,0.2817314746881878,0.8439716312056738
7,dttl,2,Exploits,11132,0.4196909809558031,0.7003233920229968
7,dttl,2,Fuzzers,6062,0.5877598152424942,0.4185087429891125
7,dttl,2,Generic,18871,0.9828837899422395,0.9121933124900641
7,dttl,2,Reconnaissance,3496,0.3512585812356979,0.528604118993135
7,dttl,2,Shellcode,378,0.3941798941798942,0.48677248677248675
7,dttl,2,Worms,44,0.38636363636363635,0.5909090909090909
7,dttl,5,Analysis,677,0.7607090103397341,0.9734121122599705
7,dttl,5,Backdoor,583,0.8850771869639794,0.9622641509433962
7,dttl,5,DoS,4089,0.2817314746881878,0.8439716312056738
7,dttl,5,Exploits,11132,0.4196909809558031,0.7003233920229968
7,dttl,5,Fuzzers,6062,0.5877598152424942,0.4185087429891125
7,dttl,5,Generic,18871,0.9828837899422395,0.9121933124900641
7,dttl,5,Reconnaissance,3496,0.3512585812356979,0.528604118993135
7,dttl,5,Shellcode,378,0.3941798941798942,0.48677248677248675
7,dttl,5,Worms,44,0.38636363636363635,0.5909090909090909
7,dttl,10,Analysis,677,0.7607090103397341,0.9734121122599705
7,dttl,10,Backdoor,583,0.8850771869639794,0.9622641509433962
7,dttl,10,DoS,4089,0.2817314746881878,0.8439716312056738
7,dttl,10,Exploits,11132,0.4196909809558031,0.7003233920229968
7,dttl,10,Fuzzers,6062,0.5877598152424942,0.4185087429891125
7,dttl,10,Generic,18871,0.9828837899422395,0.9121933124900641
7,dttl,10,Reconnaissance,3496,0.3512585812356979,0.528604118993135
7,dttl,10,Shellcode,378,0.3941798941798942,0.48677248677248675
7,dttl,10,Worms,44,0.38636363636363635,0.5909090909090909
7,dttl,15,Analysis,677,0.7607090103397341,0.9734121122599705
7,dttl,15,Backdoor,583,0.8850771869639794,0.9622641509433962
7,dttl,15,DoS,4089,0.2817314746881878,0.8439716312056738
7,dttl,15,Exploits,11132,0.4196909809558031,0.7003233920229968
7,dttl,15,Fuzzers,6062,0.5877598152424942,0.4185087429891125
7,dttl,15,Generic,18871,0.9828837899422395,0.9121933124900641
7,dttl,15,Reconnaissance,3496,0.3512585812356979,0.528604118993135
7,dttl,15,Shellcode,378,0.3941798941798942,0.48677248677248675
7,dttl,15,Worms,44,0.38636363636363635,0.5909090909090909
99,sttl,-15,Analysis,677,0.7740029542097489,0.9881831610044313
99,sttl,-15,Backdoor,583,0.8987993138936535,0.9639794168096055
99,sttl,-15,DoS,4089,0.24896062606994376,0.842993396918562
99,sttl,-15,Exploits,11132,0.37989579590370104,0.7057132590729429
99,sttl,-15,Fuzzers,6062,0.5890795117123062,0.3652259980204553
99,sttl,-15,Generic,18871,0.9842615653648455,0.9791214032112766
99,sttl,-15,Reconnaissance,3496,0.34553775743707094,0.4891304347826087
99,sttl,-15,Shellcode,378,0.3941798941798942,0.42857142857142855
99,sttl,-15,Worms,44,0.38636363636363635,0.5227272727272727
99,sttl,-10,Analysis,677,0.7740029542097489,0.9881831610044313
99,sttl,-10,Backdoor,583,0.8987993138936535,0.9639794168096055
99,sttl,-10,DoS,4089,0.24896062606994376,0.8449498654927855
99,sttl,-10,Exploits,11132,0.37989579590370104,0.7093065037729069
99,sttl,-10,Fuzzers,6062,0.5890795117123062,0.37759815242494227
99,sttl,-10,Generic,18871,0.9842615653648455,0.9849504530761486
99,sttl,-10,Reconnaissance,3496,0.34553775743707094,0.5054347826086957
99,sttl,-10,Shellcode,378,0.3941798941798942,0.4523809523809524
99,sttl,-10,Worms,44,0.38636363636363635,0.5227272727272727
99,sttl,-5,Analysis,677,0.7740029542097489,0.9881831610044313
99,sttl,-5,Backdoor,583,0.8987993138936535,0.9656946826758147
99,sttl,-5,DoS,4089,0.24896062606994376,0.8491073612130106
99,sttl,-5,Exploits,11132,0.37989579590370104,0.7125404240028747
99,sttl,-5,Fuzzers,6062,0.5890795117123062,0.39937314417683933
99,sttl,-5,Generic,18871,0.9842615653648455,0.987547029834137
99,sttl,-5,Reconnaissance,3496,0.34553775743707094,0.5208810068649885
99,sttl,-5,Shellcode,378,0.3941798941798942,0.4656084656084656
99,sttl,-5,Worms,44,0.38636363636363635,0.5681818181818182
99,sttl,-2,Analysis,677,0.7740029542097489,0.9881831610044313
99,sttl,-2,Backdoor,583,0.8987993138936535,0.9656946826758147
99,sttl,-2,DoS,4089,0.24896062606994376,0.851308388359012
99,sttl,-2,Exploits,11132,0.37989579590370104,0.7167624865253324
99,sttl,-2,Fuzzers,6062,0.5890795117123062,0.4211481359287364
99,sttl,-2,Generic,18871,0.9842615653648455,0.989030787981559
99,sttl,-2,Reconnaissance,3496,0.34553775743707094,0.5303203661327232
99,sttl,-2,Shellcode,378,0.3941798941798942,0.47354497354497355
99,sttl,-2,Worms,44,0.38636363636363635,0.5681818181818182
99,sttl,0,Analysis,677,0.7799113737075333,0.9881831610044313
99,sttl,0,Backdoor,583,0.9125214408233276,0.9656946826758147
99,sttl,0,DoS,4089,0.3078992418684275,0.8522866226461238
99,sttl,0,Exploits,11132,0.424901185770751,0.7195472511678045
99,sttl,0,Fuzzers,6062,0.5932035631804685,0.43549983503794126
99,sttl,0,Generic,18871,0.9848444703513327,0.9900376238673096
99,sttl,0,Reconnaissance,3496,0.35583524027459956,0.5374713958810069
99,sttl,0,Shellcode,378,0.3941798941798942,0.47619047619047616
99,sttl,0,Worms,44,0.38636363636363635,0.5681818181818182
99,sttl,2,Analysis,677,0.7799113737075333,0.9881831610044313
99,sttl,2,Backdoor,583,0.9125214408233276,0.9656946826758147
99,sttl,2,DoS,4089,0.30814380044020545,0.8530202983614575
99,sttl,2,Exploits,11132,0.4251706791232483,0.7205353934602946
99,sttl,2,Fuzzers,6062,0.5935334872979214,0.4399538106235566
99,sttl,2,Generic,18871,0.9848444703513327,0.9902495893169413
99,sttl,2,Reconnaissance,3496,0.35583524027459956,0.5380434782608695
99,sttl,2,Shellcode,378,0.3941798941798942,0.48148148148148145
99,sttl,2,Worms,44,0.38636363636363635,0.5681818181818182
99,sttl,5,Analysis,677,0.7799113737075333,0.9881831610044313
99,sttl,5,Backdoor,583,0.9125214408233276,0.9656946826758147
99,sttl,5,DoS,4089,0.30814380044020545,0.8535094155050135
99,sttl,5,Exploits,11132,0.4251706791232483,0.7212540424002875
99,sttl,5,Fuzzers,6062,0.5935334872979214,0.4399538106235566
99,sttl,5,Generic,18871,0.9848444703513327,0.9903025806793493
99,sttl,5,Reconnaissance,3496,0.35583524027459956,0.5380434782608695
99,sttl,5,Shellcode,378,0.3941798941798942,0.48148148148148145
99,sttl,5,Worms,44,0.38636363636363635,0.5681818181818182
99,sttl,10,Analysis,677,0.7799113737075333,0.9896602658788775
99,sttl,10,Backdoor,583,0.9125214408233276,0.9656946826758147
99,sttl,10,DoS,4089,0.30814380044020545,0.8544876497921252
99,sttl,10,Exploits,11132,0.4251706791232483,0.7234099892202659
99,sttl,10,Fuzzers,6062,0.5935334872979214,0.4399538106235566
99,sttl,10,Generic,18871,0.9848444703513327,0.9903025806793493
99,sttl,10,Reconnaissance,3496,0.35583524027459956,0.5380434782608695
99,sttl,10,Shellcode,378,0.3941798941798942,0.48148148148148145
99,sttl,10,Worms,44,0.38636363636363635,0.5681818181818182
99,sttl,15,Analysis,677,0.7799113737075333,0.9896602658788775
99,sttl,15,Backdoor,583,0.9125214408233276,0.9656946826758147
99,sttl,15,DoS,4089,0.30814380044020545,0.8549767669356811
99,sttl,15,Exploits,11132,0.4251706791232483,0.7244879626302552
99,sttl,15,Fuzzers,6062,0.5935334872979214,0.4399538106235566
99,sttl,15,Generic,18871,0.9848444703513327,0.9903025806793493
99,sttl,15,Reconnaissance,3496,0.35583524027459956,0.5380434782608695
99,sttl,15,Shellcode,378,0.3941798941798942,0.48148148148148145
99,sttl,15,Worms,44,0.38636363636363635,0.5681818181818182
99,dttl,-15,Analysis,677,0.7799113737075333,0.9438700147710487
99,dttl,-15,Backdoor,583,0.9125214408233276,0.9502572898799314
99,dttl,-15,DoS,4089,0.3078992418684275,0.8077769625825385
99,dttl,-15,Exploits,11132,0.424901185770751,0.6170499461013295
99,dttl,-15,Fuzzers,6062,0.5932035631804685,0.3030353018805675
99,dttl,-15,Generic,18871,0.9848444703513327,0.9861692544115309
99,dttl,-15,Reconnaissance,3496,0.35583524027459956,0.4407894736842105
99,dttl,-15,Shellcode,378,0.3941798941798942,0.35978835978835977
99,dttl,-15,Worms,44,0.38636363636363635,0.4090909090909091
99,dttl,-10,Analysis,677,0.7799113737075333,0.9645494830132939
99,dttl,-10,Backdoor,583,0.9125214408233276,0.9536878216123499
99,dttl,-10,DoS,4089,0.3078992418684275,0.8219613597456591
99,dttl,-10,Exploits,11132,0.424901185770751,0.6521739130434783
99,dttl,-10,Fuzzers,6062,0.5932035631804685,0.3422962718574728
99,dttl,-10,Generic,18871,0.9848444703513327,0.9878119866461766
99,dttl,-10,Reconnaissance,3496,0.35583524027459956,0.48197940503432496
99,dttl,-10,Shellcode,378,0.3941798941798942,0.42592592592592593
99,dttl,-10,Worms,44,0.38636363636363635,0.4772727272727273
99,dttl,-5,Analysis,677,0.7799113737075333,0.9807976366322009
99,dttl,-5,Backdoor,583,0.9125214408233276,0.9622641509433962
99,dttl,-5,DoS,4089,0.3078992418684275,0.8373685497676694
99,dttl,-5,Exploits,11132,0.424901185770751,0.6827164929931728
99,dttl,-5,Fuzzers,6062,0.5932035631804685,0.3808973935994721
99,dttl,-5,Generic,18871,0.9848444703513327,0.989719675692862
99,dttl,-5,Reconnaissance,3496,0.35583524027459956,0.5108695652173914
99,dttl,-5,Shellcode,378,0.3941798941798942,0.46296296296296297
99,dttl,-5,Worms,44,0.38636363636363635,0.5227272727272727
99,dttl,-2,Analysis,677,0.7799113737075333,0.9867060561299852
99,dttl,-2,Backdoor,583,0.9125214408233276,0.9639794168096055
99,dttl,-2,DoS,4089,0.3078992418684275,0.8476400097823429
99,dttl,-2,Exploits,11132,0.424901185770751,0.7035573122529645
99,dttl,-2,Fuzzers,6062,0.5932035631804685,0.41290003299241174
99,dttl,-2,Generic,18871,0.9848444703513327,0.9899846325049017
99,dttl,-2,Reconnaissance,3496,0.35583524027459956,0.5257437070938215
99,dttl,-2,Shellcode,378,0.3941798941798942,0.47354497354497355
99,dttl,-2,Worms,44,0.38636363636363635,0.5681818181818182
99,dttl,0,Analysis,677,0.7799113737075333,0.9881831610044313
99,dttl,0,Backdoor,583,0.9125214408233276,0.9656946826758147
99,dttl,0,DoS,4089,0.3078992418684275,0.8522866226461238
99,dttl,0,Exploits,11132,0.424901185770751,0.7195472511678045
99,dttl,0,Fuzzers,6062,0.5932035631804685,0.43549983503794126
99,dttl,0,Generic,18871,0.9848444703513327,0.9900376238673096
99,dttl,0,Reconnaissance,3496,0.35583524027459956,0.5374713958810069
99,dttl,0,Shellcode,378,0.3941798941798942,0.47619047619047616
99,dttl,0,Worms,44,0.38636363636363635,0.5681818181818182
99,dttl,2,Analysis,677,0.7799113737075333,0.9896602658788775
99,dttl,2,Backdoor,583,0.9125214408233276,0.9656946826758147
99,dttl,2,DoS,4089,0.3074101247248716,0.8559550012227929
99,dttl,2,Exploits,11132,0.4245418613007546,0.7287100251527129
99,dttl,2,Fuzzers,6062,0.5932035631804685,0.4539755856153085
99,dttl,2,Generic,18871,0.9847914789889248,0.9904085634041652
99,dttl,2,Reconnaissance,3496,0.35583524027459956,0.5443363844393593
99,dttl,2,Shellcode,378,0.3941798941798942,0.4947089947089947
99,dttl,2,Worms,44,0.38636363636363635,0.5681818181818182
99,dttl,5,Analysis,677,0.7799113737075333,0.9896602658788775
99,dttl,5,Backdoor,583,0.9125214408233276,0.9656946826758147
99,dttl,5,DoS,4089,0.3074101247248716,0.8559550012227929
99,dttl,5,Exploits,11132,0.4245418613007546,0.7287100251527129
99,dttl,5,Fuzzers,6062,0.5932035631804685,0.4539755856153085
99,dttl,5,Generic,18871,0.9847914789889248,0.9904085634041652
99,dttl,5,Reconnaissance,3496,0.35583524027459956,0.5443363844393593
99,dttl,5,Shellcode,378,0.3941798941798942,0.4947089947089947
99,dttl,5,Worms,44,0.38636363636363635,0.5681818181818182
99,dttl,10,Analysis,677,0.7799113737075333,0.9896602658788775
99,dttl,10,Backdoor,583,0.9125214408233276,0.9656946826758147
99,dttl,10,DoS,4089,0.3074101247248716,0.8559550012227929
99,dttl,10,Exploits,11132,0.4245418613007546,0.7287100251527129
99,dttl,10,Fuzzers,6062,0.5932035631804685,0.4539755856153085
99,dttl,10,Generic,18871,0.9847914789889248,0.9904085634041652
99,dttl,10,Reconnaissance,3496,0.35583524027459956,0.5443363844393593
99,dttl,10,Shellcode,378,0.3941798941798942,0.4947089947089947
99,dttl,10,Worms,44,0.38636363636363635,0.5681818181818182
99,dttl,15,Analysis,677,0.7799113737075333,0.9896602658788775
99,dttl,15,Backdoor,583,0.9125214408233276,0.9656946826758147
99,dttl,15,DoS,4089,0.3074101247248716,0.8561995597945709
99,dttl,15,Exploits,11132,0.4245418613007546,0.7287100251527129
99,dttl,15,Fuzzers,6062,0.5932035631804685,0.4539755856153085
99,dttl,15,Generic,18871,0.9847914789889248,0.9904085634041652
99,dttl,15,Reconnaissance,3496,0.35583524027459956,0.5443363844393593
99,dttl,15,Shellcode,378,0.3941798941798942,0.4947089947089947
99,dttl,15,Worms,44,0.38636363636363635,0.5681818181818182
